Submission id,Participant id,Status,Started at,Completed at,Reviewed at,Archived at,Time taken,Completion code,Total approvals,Fluent languages,Ethnicity,Age,Sex,Ethnicity simplified,Country of birth,Country of residence,Nationality,Language,Student status,Employment status,Gender
65660439003ccf0c2cac2de0,5b2ffddaa8327d0001ffec6d,APPROVED,2023-11-28T15:16:09.621000Z,2023-11-28T15:21:42.327000Z,2023-11-28T16:09:48.507000Z,2023-11-28T15:21:42.753153Z,333.0,CBCT4R5Q,199,"Latvian, English",Latino/Hispanic,27,Male,White,Latvia,Latvia,Latvia,Latvian,No,Other,
656604444cf0213a67b17ab6,612f85f03f9d73eab39f8d58,APPROVED,2023-11-28T15:16:43.841000Z,2023-11-28T15:23:57.612000Z,2023-11-28T16:09:51.257000Z,2023-11-28T15:23:59.028103Z,434.0,CBCT4R5Q,216,English,African,26,Male,Black,South Africa,South Africa,South Africa,English,No,Full-Time,
6566045c34fa8e3635cdd6ea,5e5c993cd0394c474f7cc502,APPROVED,2023-11-28T15:16:52.323000Z,2023-11-28T15:22:50.300000Z,2023-11-28T16:09:53.217000Z,2023-11-28T15:22:51.112357Z,358.0,CBCT4R5Q,826,"Spanish, English",Latino/Hispanic,27,Male,Other,Mexico,Mexico,Mexico,Spanish,Yes,Full-Time,
6566047ff5d0f6241ae5b242,6151cfe3ba49dd3ad62708ee,APPROVED,2023-11-28T15:17:49.169000Z,2023-11-28T15:22:43.538000Z,2023-11-28T16:10:03.848000Z,2023-11-28T15:22:44.036606Z,295.0,CBCT4R5Q,398,"Spanish, English",Latino/Hispanic,37,Male,Mixed,Mexico,Mexico,Mexico,Spanish,DATA_EXPIRED,DATA_EXPIRED,
6566048165759caefbbd1c66,5e9820b9c63c530008087a8c,APPROVED,2023-11-28T15:17:21.575000Z,2023-11-28T15:24:17.465000Z,2023-11-28T16:09:57.561000Z,2023-11-28T15:24:18.106098Z,416.0,CBCT4R5Q,540,"English, German, Spanish",White/Caucasian,36,Male,White,Spain,Spain,Spain,Spanish,DATA_EXPIRED,DATA_EXPIRED,
656604e06ab3b2361c238718,5d20e3fcab5a10001e1afa54,APPROVED,2023-11-28T15:19:11.425000Z,2023-11-28T15:29:38.114000Z,2023-11-28T16:10:11.775000Z,2023-11-28T15:29:38.714861Z,627.0,CBCT4R5Q,160,"English, Spanish, Galician, Portuguese",Latino/Hispanic,43,Male,White,Spain,Spain,Spain,Spanish,No,Full-Time,
65660504717952b01d2ec6c8,5d811e6ab395350018786d78,APPROVED,2023-11-28T15:19:53.530000Z,2023-11-28T15:29:46.152000Z,2023-11-28T16:10:18.685000Z,2023-11-28T15:29:46.907746Z,593.0,CBCT4R5Q,701,"English, Greek",Other (please feel free to let us know your ethnicity via email),38,Male,White,Greece,Greece,Greece,Greek,Yes,Full-Time,
6566052bf8618cdb71f427ce,5e58fa19fc38d6104f798878,APPROVED,2023-11-28T15:20:11.195000Z,2023-11-28T15:29:22.468000Z,2023-11-28T16:10:23.727000Z,2023-11-28T15:29:22.928065Z,552.0,CBCT4R5Q,570,"English, Polish",White/Caucasian,28,Male,White,Poland,Poland,Poland,Polish,Yes,Other,
6566052e8ba4e15670920206,60d4613121b754739be92895,APPROVED,2023-11-28T15:20:14.425000Z,2023-11-28T15:25:50.677000Z,2023-11-28T16:10:28.464000Z,2023-11-28T15:25:51.855911Z,337.0,CBCT4R5Q,272,English,African,30,Male,Black,South Africa,South Africa,South Africa,English,DATA_EXPIRED,DATA_EXPIRED,
6566053b667921169a39f038,5f80de286ae5b21801a82f30,APPROVED,2023-11-28T15:20:27.042000Z,2023-11-28T15:28:46.812000Z,2023-11-28T16:10:38.205000Z,2023-11-28T15:28:47.529584Z,500.0,CBCT4R5Q,185,"Polish, English",Middle Eastern,26,Male,White,Poland,Poland,Poland,Polish,Yes,Full-Time,
65660551f4f134aa23def1cb,5c0239caecc5660001424ed6,APPROVED,2023-11-28T15:20:54.076000Z,2023-11-28T15:30:14.061000Z,2023-11-28T16:10:48.692000Z,2023-11-28T15:30:14.540807Z,560.0,CBCT4R5Q,908,English,White/Caucasian,41,Male,White,Ireland,Ireland,Ireland,English,Yes,Full-Time,
6566055aa9febb9f465f7019,6475ff9e12b4b23f18f4503c,APPROVED,2023-11-28T15:21:19.214000Z,2023-11-28T15:41:01.692000Z,2023-11-28T16:11:13.740000Z,2023-11-28T15:41:02.210746Z,1183.0,CBCT4R5Q,103,English,African,26,Male,Black,South Africa,South Africa,South Africa,English,DATA_EXPIRED,DATA_EXPIRED,
6566055e95994e68c8920359,5de311645feb6e33b01682db,APPROVED,2023-11-28T15:21:02.733000Z,2023-11-28T15:30:49.530000Z,2023-11-28T16:10:56.233000Z,2023-11-28T15:30:50.305088Z,587.0,CBCT4R5Q,593,"English, Portuguese",Black/African American,30,Male,Mixed,Portugal,Portugal,Portugal,Portuguese,No,Full-Time,
6566056d01cdef4534ec5acb,6135e184b0782d209ac91e94,APPROVED,2023-11-28T15:21:17.371000Z,2023-11-28T15:28:38.774000Z,2023-11-28T16:11:13.977000Z,2023-11-28T15:28:39.288685Z,442.0,CBCT4R5Q,104,"Afrikaans, English",Mixed,32,Male,Mixed,South Africa,South Africa,South Africa,Afrikaans,Yes,DATA_EXPIRED,
656604748ba4e156709201dd,613375b4d241a26b37020464,APPROVED,2023-11-28T15:17:41.059000Z,2023-11-28T15:29:51.868000Z,2023-11-28T16:10:02.152000Z,2023-11-28T15:29:52.551362Z,731.0,CBCT4R5Q,120,English,African,29,Female,Black,Zimbabwe,South Africa,Zimbabwe,English,No,Part-Time,
6566047f8b9c168ae6c24f62,5fa30c6baab6c25b14747b36,APPROVED,2023-11-28T15:17:21.499000Z,2023-11-28T15:24:53.954000Z,2023-11-28T16:09:55.435000Z,2023-11-28T15:24:54.447523Z,453.0,CBCT4R5Q,379,"English, Spanish, Portuguese",Latino/Hispanic,44,Female,White,Brazil,Portugal,Brazil,Portuguese,Yes,Full-Time,
65660492bdeddba81c6e6df1,60fdd675fca33b0ce3d19a7f,APPROVED,2023-11-28T15:17:38.826000Z,2023-11-28T15:30:00.889000Z,2023-11-28T16:10:00.254000Z,2023-11-28T15:30:01.829760Z,743.0,CBCT4R5Q,325,"English, Greek",White/Caucasian,29,Female,White,Greece,Greece,Greece,Greek,Yes,"Not in paid work (e.g. homemaker', 'retired or disabled)",
6566049cdd3ee5670a67b6c0,60c07e5182bf1353056371f6,APPROVED,2023-11-28T15:17:58.863000Z,2023-11-28T15:42:42.336000Z,2023-11-28T16:10:07.322000Z,2023-11-28T15:42:43.321256Z,1484.0,CBCT4R5Q,204,"Afrikaans, English",African,29,Female,Black,South Africa,South Africa,South Africa,Afrikaans,No,Part-Time,
656604d57670094a7e9e0c11,612f7826436df8fb008c4f0d,APPROVED,2023-11-28T15:18:51.332000Z,2023-11-28T15:28:19.791000Z,2023-11-28T16:10:09.617000Z,2023-11-28T15:28:20.286970Z,569.0,CBCT4R5Q,149,English,African,27,Female,Black,South Africa,South Africa,South Africa,English,No,DATA_EXPIRED,
6566050217da1dcdf22d5d08,5c1ebfac38f2f000019c68f9,APPROVED,2023-11-28T15:19:30.078000Z,2023-11-28T15:28:22.519000Z,2023-11-28T16:10:17.033000Z,2023-11-28T15:28:23.025163Z,533.0,CBCT4R5Q,398,"Spanish, English",White/Caucasian,27,Female,White,Portugal,Portugal,Portugal,Portuguese,No,Full-Time,
6566050832e2bf9d5b75728e,59d686325606100001c25ef0,APPROVED,2023-11-28T15:22:42.866000Z,2023-11-28T15:30:26.067000Z,2023-11-28T16:11:08.682000Z,2023-11-28T15:30:26.639625Z,464.0,CBCT4R5Q,481,"English, Spanish, Portuguese",White/Caucasian,28,Female,White,Portugal,Portugal,Portugal,Portuguese,No,Full-Time,
6566052c37e3e09367f5b325,6086f645a0aa19633021daa5,APPROVED,2023-11-28T15:20:23.064000Z,2023-11-28T15:34:44.638000Z,2023-11-28T16:10:32.536000Z,2023-11-28T15:34:45.076406Z,862.0,CBCT4R5Q,260,"Italian, Russian, English",White/Caucasian,42,Female,White,Russian Federation,Italy,Russian Federation,Russian,DATA_EXPIRED,Unemployed (and job seeking),
6566053217297075bc6fe34d,603f8f60bec2a202d6c08044,APPROVED,2023-11-28T15:20:25.445000Z,2023-11-28T15:25:05.123000Z,2023-11-28T16:10:34.856000Z,2023-11-28T15:25:05.813548Z,280.0,CBCT4R5Q,197,English,White/Caucasian,28,Female,White,United Kingdom,United Kingdom,United Kingdom,English,DATA_EXPIRED,DATA_EXPIRED,
6566053cde1f5e6ac4fcedb8,5c32736324d16c00015b29d5,APPROVED,2023-11-28T15:20:45.382000Z,2023-11-28T15:29:07.391000Z,2023-11-28T16:10:40.120000Z,2023-11-28T15:29:08.097399Z,503.0,CBCT4R5Q,537,"English, French, Somali",African,29,Female,Black,Djibouti,France,Djibouti,Somali,Yes,Part-Time,
65660555acac9dc16ef7a479,610013ae46fffa7aaa7d176b,APPROVED,2023-11-28T15:20:59.963000Z,2023-11-28T15:28:34.983000Z,2023-11-28T16:10:53.104000Z,2023-11-28T15:28:35.441002Z,456.0,CBCT4R5Q,198,"English, Latvian, Russian",White/Caucasian,30,Female,White,Latvia,Latvia,Latvia,Latvian,No,Full-Time,
6566056795e91a789720e86c,60f87bd38e923677f4181a1a,APPROVED,2023-11-28T15:21:20.550000Z,2023-11-28T15:33:58.326000Z,2023-11-28T16:11:08.875000Z,2023-11-28T15:33:58.854992Z,758.0,CBCT4R5Q,363,English,African,37,Female,Black,South Africa,South Africa,South Africa,English,No,Full-Time,
6566056cd1d177b642e0ec44,5f8f7b6a2650711e2238f6d5,APPROVED,2023-11-28T15:21:16.645000Z,2023-11-28T15:27:56.791000Z,2023-11-28T16:10:59.612000Z,2023-11-28T15:27:57.591789Z,401.0,CBCT4R5Q,295,"Spanish, Portuguese, English",White/Caucasian,30,Female,White,Portugal,Portugal,Portugal,Portuguese,Yes,Part-Time,
655891a544e24ac89f9e474b,6266f2db800b9205ce65d05c,APPROVED,2023-11-18T10:27:54.953000Z,2023-11-18T10:34:44.873000Z,2023-11-18T11:21:47.121000Z,2023-11-18T10:34:45.362856Z,410.0,CBCT4R5Q,235,English,White/Caucasian,53,Male,White,United States,United Kingdom,United Kingdom,English,DATA_EXPIRED,DATA_EXPIRED,
655892015863f22617206e83,5e2228e12de14b000a50edc7,APPROVED,2023-11-18T10:29:41.996000Z,2023-11-18T10:53:38.947000Z,2023-11-18T11:21:50.070000Z,2023-11-18T10:53:39.396096Z,1437.0,CBCT4R5Q,357,"English, Italian",White/Caucasian,56,Male,White,Australia,Italy,Australia,English,No,Part-Time,
65589274636ef499cb5df529,5d8a62e934146e001a8ea16d,APPROVED,2023-11-18T10:31:19.046000Z,2023-11-18T10:47:40.621000Z,2023-11-18T11:21:51.819000Z,2023-11-18T10:47:41.194296Z,982.0,CBCT4R5Q,1076,English,White/Caucasian,47,Male,White,United Kingdom,Greece,United Kingdom,English,No,Part-Time,
655892c1be1790ca0d743176,646cc5b2ee56fab32907947d,APPROVED,2023-11-18T10:32:37.439000Z,2023-11-18T10:41:24.852000Z,2023-11-18T11:22:02.679000Z,2023-11-18T10:41:25.412179Z,528.0,CBCT4R5Q,142,English,White/Caucasian,57,Male,White,South Africa,South Africa,South Africa,English,No,Part-Time,
655893181dcc39ed7fe0a9b6,5f6082b78a557701b7b8fbf2,APPROVED,2023-11-18T10:34:03.915000Z,2023-11-18T10:46:29.702000Z,2023-11-18T11:22:09.163000Z,2023-11-18T10:46:30.195734Z,746.0,CBCT4R5Q,389,English,White/Caucasian,55,Male,White,United Kingdom,United Kingdom,United Kingdom,English,DATA_EXPIRED,DATA_EXPIRED,
65589336d6ad4e548cb8b9b1,60aa4b9356c591511cc09f5f,APPROVED,2023-11-18T10:34:30.754000Z,2023-11-18T10:47:12.365000Z,2023-11-18T11:22:11.075000Z,2023-11-18T10:47:12.860600Z,762.0,CBCT4R5Q,390,"Greek, English",White/Caucasian,52,Male,White,Greece,Greece,Greece,Greek,No,Full-Time,
6558933df251c4b4cf49b9a3,617134f939b0aa685b96bb14,APPROVED,2023-11-18T10:34:37.828000Z,2023-11-18T10:44:37.124000Z,2023-11-18T11:22:14.018000Z,2023-11-18T10:44:37.745611Z,600.0,CBCT4R5Q,713,"Spanish, English",Latino/Hispanic,47,Male,White,Spain,Spain,Spain,Spanish,No,Full-Time,
6558934369f4afa763da35be,5cefbe6f1234ed0001970821,APPROVED,2023-11-18T10:34:43.965000Z,2023-11-18T10:51:05.945000Z,2023-11-18T11:22:16.848000Z,2023-11-18T10:51:06.457652Z,982.0,CBCT4R5Q,283,"Galician, English, Spanish",Latino/Hispanic,46,Male,White,Spain,Spain,Spain,Spanish,No,Unemployed (and job seeking),
6558936d0b526b963e4e4832,595a692b62431800019d63bf,APPROVED,2023-11-18T10:35:25.531000Z,2023-11-18T10:46:33.811000Z,2023-11-18T11:22:18.621000Z,2023-11-18T10:46:34.304341Z,669.0,CBCT4R5Q,282,"English, Greek",White/Caucasian,46,Male,White,Greece,Greece,Greece,Greek,DATA_EXPIRED,DATA_EXPIRED,
6558938ddd30b2834193409e,5ecee03e0e92803029b7ad82,APPROVED,2023-11-18T10:36:04.355000Z,2023-11-18T10:41:06.879000Z,2023-11-18T11:22:20.283000Z,2023-11-18T10:41:07.425240Z,303.0,CBCT4R5Q,1016,"Basque, English, Spanish",Latino/Hispanic,47,Male,White,Spain,Spain,Spain,Spanish,Yes,Full-Time,
65589146f1e1f5717c743044,6050cb50a965d6a6eb12361e,APPROVED,2023-11-18T10:26:44.229000Z,2023-11-18T10:36:20.566000Z,2023-11-18T11:21:44.125000Z,2023-11-18T10:36:21.104014Z,577.0,CBCT4R5Q,408,"Dutch, English",White/Caucasian,63,Female,White,United Kingdom,Netherlands,United Kingdom,English,DATA_EXPIRED,Other,
6558919c33298201276c23e0,6229e22f5017c8995dae60bd,APPROVED,2023-11-18T10:27:43.778000Z,2023-11-18T10:34:47.692000Z,2023-11-18T11:21:45.791000Z,2023-11-18T10:34:48.235754Z,424.0,CBCT4R5Q,429,English,White/Caucasian,60,Female,White,United Kingdom,United Kingdom,United Kingdom,English,No,Full-Time,
655892012aa62dd31aaba326,5d95d2bbd84e9e001607bfea,APPROVED,2023-11-18T10:29:28.158000Z,2023-11-18T10:36:02.531000Z,2023-11-18T11:21:48.561000Z,2023-11-18T10:36:03.085349Z,395.0,CBCT4R5Q,909,English,White/Caucasian,59,Female,White,United Kingdom,United Kingdom,United Kingdom,English,No,"Not in paid work (e.g. homemaker', 'retired or disabled)",
65589278a36af682da464a94,60002260692988000b2755fd,APPROVED,2023-11-18T10:31:24.680000Z,2023-11-18T10:38:27.762000Z,2023-11-18T11:21:55.803000Z,2023-11-18T10:38:28.325458Z,424.0,CBCT4R5Q,291,"Afrikaans, English",White/Caucasian,46,Female,White,South Africa,United Kingdom,United Kingdom,English,No,Full-Time,
65589279629a34555ae3f914,62eae2fe926386b0c45b116e,APPROVED,2023-11-18T10:31:21.662000Z,2023-11-18T10:35:58.007000Z,2023-11-18T11:21:53.929000Z,2023-11-18T10:35:58.435714Z,277.0,CBCT4R5Q,181,English,White/Caucasian,57,Female,White,United Kingdom,United Kingdom,United Kingdom,English,No,Full-Time,
655892accce140ca87d8a045,5e57cc1ee13c8b17e01451c6,APPROVED,2023-11-18T10:32:12.506000Z,2023-11-18T10:56:22.533000Z,2023-11-18T11:21:57.695000Z,2023-11-18T10:56:23.624785Z,1451.0,CBCT4R5Q,240,English,Mixed,62,Female,Mixed,South Africa,South Africa,South Africa,English,No,Full-Time,
655892b01826eeea1b78b0f8,5cb749fda6fe0700189768a5,APPROVED,2023-11-18T10:32:26.969000Z,2023-11-18T10:46:22.033000Z,2023-11-18T11:21:59.872000Z,2023-11-18T10:46:22.471823Z,836.0,CBCT4R5Q,953,English,White/Caucasian,61,Female,White,United Kingdom,United Kingdom,United Kingdom,English,No,Part-Time,
655892dd9407ed92d4d18113,5ef5bdeadff5d4224c0249d3,APPROVED,2023-11-18T10:33:01.769000Z,2023-11-18T10:38:55.568000Z,2023-11-18T11:22:05.413000Z,2023-11-18T10:38:56.048070Z,354.0,CBCT4R5Q,444,"English, Portuguese",White/Caucasian,48,Female,White,Angola,Portugal,Portugal,Portuguese,No,Full-Time,
6558930c8072fc8a60036ae7,6076b6aef23dd6abe21ce231,APPROVED,2023-11-18T10:33:52.812000Z,2023-11-18T10:40:53.360000Z,2023-11-18T11:22:07.207000Z,2023-11-18T10:40:53.905760Z,421.0,CBCT4R5Q,712,English,White/Caucasian,56,Female,White,United Kingdom,United Kingdom,United Kingdom,English,No,Part-Time,
655880d944e24ac89f9e44d7,5ec0ae6526be4e4c4cd704de,APPROVED,2023-11-18T09:16:09.856000Z,2023-11-18T09:23:04.447000Z,2023-11-18T10:20:53.146000Z,2023-11-18T09:23:04.902759Z,415.0,CBCT4R5Q,450,"Catalan, English, Spanish",White/Caucasian,32,Male,White,Argentina,Spain,Spain,Spanish,No,DATA_EXPIRED,
655880e9da49e5da0eea878d,5e7cbabf37e724303013b9a8,APPROVED,2023-11-18T09:16:30.591000Z,2023-11-18T09:21:40.804000Z,2023-11-18T10:20:55.629000Z,2023-11-18T09:21:41.317065Z,311.0,CBCT4R5Q,292,"Afrikaans, English",White/Caucasian,30,Male,White,South Africa,South Africa,South Africa,Afrikaans,No,Part-Time,
65588118483ede03e090e17f,601b154e1d236c48cb675d13,APPROVED,2023-11-18T09:17:12.624000Z,2023-11-18T09:26:21.440000Z,2023-11-18T10:21:00.450000Z,2023-11-18T09:26:21.925815Z,549.0,CBCT4R5Q,181,English,White/Caucasian,41,Male,White,Greece,Greece,Greece,Greek,No,Full-Time,
655881590638228fca919f1a,5c41f9ce4fe4f800016dfaac,APPROVED,2023-11-18T09:18:20.417000Z,2023-11-18T09:32:33.478000Z,2023-11-18T10:21:10.568000Z,2023-11-18T09:32:33.890822Z,854.0,CBCT4R5Q,587,English,Mixed,29,Male,Mixed,South Africa,South Africa,South Africa,English,Yes,Full-Time,
65588165d6ad4e548cb8b6f9,5e67444ca2235c4c1ad10d1a,APPROVED,2023-11-18T09:18:42.809000Z,2023-11-18T09:27:11.113000Z,2023-11-18T10:21:16.386000Z,2023-11-18T09:27:11.651639Z,509.0,CBCT4R5Q,274,"English, Greek",White/Caucasian,43,Male,White,Greece,Greece,Greece,Greek,No,Full-Time,
655881838072fc8a60036886,6163d356472f53c054893857,APPROVED,2023-11-18T09:22:19.914000Z,2023-11-18T09:57:36.136000Z,2023-11-18T10:21:28.825000Z,2023-11-18T09:57:36.621906Z,2117.0,CBCT4R5Q,279,"Afrikaans, English, French",African,27,Male,Mixed,South Africa,South Africa,South Africa,English,No,Part-Time,
655881858efffec04778b465,612537b2bd6b4a38f4e7f63a,APPROVED,2023-11-18T09:19:07.433000Z,2023-11-18T09:27:56.004000Z,2023-11-18T10:21:22.598000Z,2023-11-18T09:27:56.483422Z,529.0,CBCT4R5Q,350,English,African,34,Male,Black,South Africa,South Africa,South Africa,English,No,Full-Time,
6558818afc51460f95a55da3,6168a691414d57e7d9342bf4,APPROVED,2023-11-18T09:19:13.240000Z,2023-11-18T09:30:25.451000Z,2023-11-18T10:21:27.210000Z,2023-11-18T09:30:25.908278Z,673.0,CBCT4R5Q,181,English,African,33,Male,Black,South Africa,South Africa,South Africa,English,No,Full-Time,
655881903cc84dd3699e71a4,5f04ac2d4237b675ab7b0b8e,APPROVED,2023-11-18T09:19:12.276000Z,2023-11-18T09:29:08.604000Z,2023-11-18T10:21:23.939000Z,2023-11-18T09:29:09.050250Z,597.0,CBCT4R5Q,310,"English, Greek",White/Caucasian,27,Male,White,Greece,Greece,Greece,Greek,No,Full-Time,
65588107a7e2fa20d97d230d,6169448f3994a2d71e091810,APPROVED,2023-11-18T09:18:48.638000Z,2023-11-18T09:29:52.083000Z,2023-11-18T10:21:19.616000Z,2023-11-18T09:29:52.558560Z,664.0,CBCT4R5Q,352,English,African,28,Female,Black,South Africa,South Africa,South Africa,English,No,Full-Time,
65588110e43ecf6369919dde,5fad28669a9e063b9013e542,APPROVED,2023-11-18T09:17:10.790000Z,2023-11-18T09:28:03.158000Z,2023-11-18T10:20:58.756000Z,2023-11-18T09:28:03.626778Z,653.0,CBCT4R5Q,311,English,African,28,Female,Black,South Africa,South Africa,South Africa,English,No,Unemployed (and job seeking),
65588126029061f69cd89b26,5d2d98a9a0d896001a5d6e4f,APPROVED,2023-11-18T09:17:26.838000Z,2023-11-18T09:26:28.896000Z,2023-11-18T10:21:01.743000Z,2023-11-18T09:26:29.359776Z,543.0,CBCT4R5Q,478,"Slovenian, English",White/Caucasian,36,Female,White,Slovenia,Slovenia,Slovenia,Slovenian,No,Full-Time,
6558813ed3272ffc8cab22fe,63d13c3bcde8f0843d3dde24,APPROVED,2023-11-18T09:17:53.747000Z,2023-11-18T09:23:26.038000Z,2023-11-18T10:21:05.436000Z,2023-11-18T09:23:26.621560Z,333.0,CBCT4R5Q,191,English,White/Caucasian,40,Female,White,United Kingdom,United Kingdom,United Kingdom,English,No,Full-Time,
6558813f6dea856e0bace71e,6173d266422990874e02c3b7,APPROVED,2023-11-18T09:17:51.500000Z,2023-11-18T09:36:17.936000Z,2023-11-18T10:21:03.084000Z,2023-11-18T09:36:18.437745Z,1107.0,CBCT4R5Q,319,"English, Afrikaans",African,32,Female,Black,South Africa,South Africa,South Africa,English,Yes,Full-Time,
655881653de851eb1d49c015,5f3b95fb505d7b2d3840293c,APPROVED,2023-11-18T09:18:29.009000Z,2023-11-18T09:33:09.665000Z,2023-11-18T10:21:12.679000Z,2023-11-18T09:33:10.130902Z,881.0,CBCT4R5Q,422,"Polish, English",White/Caucasian,38,Female,White,Poland,Poland,Poland,Polish,No,Part-Time,
6558816539905c0a501e9fba,6163179bdadc35f5779ab4d5,APPROVED,2023-11-18T09:18:42.600000Z,2023-11-18T10:03:22.772000Z,2023-11-18T10:21:14.685000Z,2023-11-18T10:03:23.588162Z,2681.0,CBCT4R5Q,274,English,African,31,Female,Black,South Africa,South Africa,South Africa,English,Yes,Full-Time,
65588167636ef499cb5df33e,5d3739be575c6c000151d88f,APPROVED,2023-11-18T09:18:43.700000Z,2023-11-18T09:28:20.479000Z,2023-11-18T10:21:18.081000Z,2023-11-18T09:28:21.047797Z,577.0,CBCT4R5Q,522,"Polish, French, English",White/Caucasian,27,Female,White,Poland,Poland,Poland,Polish,DATA_EXPIRED,DATA_EXPIRED,
6558817ad6ad4e548cb8b6fa,5cb036f10f8f9800198a79b8,APPROVED,2023-11-18T09:18:53.925000Z,2023-11-18T09:26:29.472000Z,2023-11-18T10:21:20.969000Z,2023-11-18T09:26:30.075933Z,456.0,CBCT4R5Q,261,English,White/Caucasian,30,Female,White,United Kingdom,United Kingdom,United Kingdom,English,Yes,Part-Time,
6558818d0b526b963e4e4609,64413394ad087285ba54acda,APPROVED,2023-11-18T09:19:09.033000Z,2023-11-18T09:30:14.958000Z,2023-11-18T10:21:25.574000Z,2023-11-18T09:30:15.471519Z,666.0,CBCT4R5Q,130,"English, Estonian",White/Caucasian,30,Female,White,Estonia,Estonia,Estonia,Estonian,No,Full-Time,
655b233fd272b40be3f37fc1,60a0dfc6f9936b0d30dfea15,APPROVED,2023-11-20T09:13:47.642000Z,2023-11-20T09:24:09.172000Z,2023-11-20T09:25:22.726000Z,2023-11-20T09:24:09.772832Z,622.0,CBCT4R5Q,848,"English, Greek, German",White/Caucasian,33,Male,White,Greece,Greece,Greece,Greek,Yes,Full-Time,
656617dee7109118bb26d082,5be676cb09995d00014eb37b,APPROVED,2023-11-28T16:39:58.732000Z,2023-11-28T16:50:55.014000Z,2023-11-28T17:30:29.368000Z,2023-11-28T16:50:55.617400Z,657.0,CBCT4R5Q,388,"Catalan, Spanish, Dutch, English",Mixed,55,Male,White,Netherlands,Spain,Netherlands,Dutch,No,Other,
656617ed8eca3d911e43f433,5d9e1929203419001625df07,APPROVED,2023-11-28T16:40:23.808000Z,2023-11-28T16:47:17.696000Z,2023-11-28T17:30:32.626000Z,2023-11-28T16:47:18.589881Z,414.0,CBCT4R5Q,596,English,White/Caucasian,50,Male,White,United Kingdom,United Kingdom,United Kingdom,English,DATA_EXPIRED,DATA_EXPIRED,
6566182b9b4a89f074b50703,60d1a0e2551b5660575cdd64,APPROVED,2023-11-28T16:41:15.082000Z,2023-11-28T16:52:37.814000Z,2023-11-28T17:30:43.893000Z,2023-11-28T16:52:38.500030Z,683.0,CBCT4R5Q,612,English,White/Caucasian,51,Male,White,United Kingdom,Spain,United Kingdom,English,No,Full-Time,
6566188d5fbed5a9144b1ba0,5ffa1a0f5395ad3a679fb0f0,APPROVED,2023-11-28T16:42:53.506000Z,2023-11-28T16:51:17.209000Z,2023-11-28T17:30:48.341000Z,2023-11-28T16:51:17.972883Z,504.0,CBCT4R5Q,421,"Polish, English, Czech",White/Caucasian,53,Male,White,Poland,Poland,Poland,Polish,No,Full-Time,
65661a05d1e5324b061ce114,616feb99305d8e8851e9dec6,APPROVED,2023-11-28T16:49:09.583000Z,2023-11-28T17:00:17.991000Z,2023-11-28T17:31:06.458000Z,2023-11-28T17:00:18.885317Z,669.0,CBCT4R5Q,496,"English, French, Portuguese, Spanish",White/Caucasian,52,Male,White,France,Portugal,Portugal,Portuguese,Yes,Full-Time,
65661a2c5872ebac6fc738e9,644126e69878ddbab7ac17a6,APPROVED,2023-11-28T16:49:56.129000Z,2023-11-28T16:57:36.085000Z,2023-11-28T17:31:15.078000Z,2023-11-28T16:57:36.576709Z,460.0,CBCT4R5Q,118,English,White/Caucasian,62,Male,White,United Kingdom,United Kingdom,United Kingdom,English,No,DATA_EXPIRED,
65661a606f3cac177420e019,6066e9cfce4f74fe20aa3cad,APPROVED,2023-11-28T16:51:06.333000Z,2023-11-28T16:57:03.078000Z,2023-11-28T17:31:18.618000Z,2023-11-28T16:57:03.586761Z,357.0,CBCT4R5Q,639,"Polish, English",Middle Eastern,48,Male,White,Germany,Poland,Poland,Polish,No,Full-Time,
65661a88d1e5324b061ce158,6050de36565b8a6c1bd30772,APPROVED,2023-11-28T16:51:20.742000Z,2023-11-28T16:59:35.137000Z,2023-11-28T17:31:22.043000Z,2023-11-28T16:59:35.729215Z,495.0,CBCT4R5Q,705,"English, French, Portuguese, Spanish",Latino/Hispanic,48,Male,White,Portugal,Portugal,Portugal,Portuguese,No,Full-Time,
65661aa64aad1973fa329ed8,5c871ab7de75d4001602869d,APPROVED,2023-11-28T16:52:22.832000Z,2023-11-28T17:02:30.440000Z,2023-11-28T17:31:26.295000Z,2023-11-28T17:02:30.932394Z,608.0,CBCT4R5Q,1833,English,White/Caucasian,60,Male,White,United Kingdom,United Kingdom,United Kingdom,English,No,Full-Time,
65661ab6bf3e7d5aec4987ff,5dd73f496ca7e76e32b1aa16,APPROVED,2023-11-28T16:52:06.544000Z,2023-11-28T17:00:45.645000Z,2023-11-28T17:31:23.825000Z,2023-11-28T17:00:46.310630Z,520.0,CBCT4R5Q,1501,"English, French",White/Caucasian,55,Male,White,United States,France,United States,English,DATA_EXPIRED,Part-Time,
65661ae0ca8283bbce957104,5a7659fd8fe2dc00010573be,APPROVED,2023-11-28T16:52:48.696000Z,2023-11-28T17:09:28.542000Z,2023-11-28T17:31:28.891000Z,2023-11-28T17:09:29.137511Z,1000.0,CBCT4R5Q,327,"English, Finnish",White/Caucasian,46,Male,White,Finland,Finland,Finland,Finnish,No,Part-Time,
65661ae2377c55c0b7442239,5c3e2466e6ade30001a42dc6,APPROVED,2023-11-28T16:52:57.608000Z,2023-11-28T17:02:32.788000Z,2023-11-28T17:31:30.892000Z,2023-11-28T17:02:33.559904Z,576.0,CBCT4R5Q,302,"English, Spanish",Latino/Hispanic,55,Male,White,Spain,Spain,Spain,Spanish,No,Full-Time,
65661aebf14437cb47e94efd,60b3daed9cafd5926a44f4d6,APPROVED,2023-11-28T16:53:03.020000Z,2023-11-28T17:03:27.687000Z,2023-11-28T17:31:32.730000Z,2023-11-28T17:03:28.568471Z,625.0,CBCT4R5Q,1536,English,White/Caucasian,58,Male,White,United Kingdom,United Kingdom,United Kingdom,English,No,Full-Time,
65661b47224419bcc902c56c,61059c338eaa44a30ae5f47b,APPROVED,2023-11-28T16:54:30.994000Z,2023-11-28T17:12:16.561000Z,2023-11-28T17:31:34.338000Z,2023-11-28T17:12:17.707075Z,1066.0,CBCT4R5Q,525,English,White/Caucasian,51,Male,White,United Kingdom,Italy,United Kingdom,English,No,Full-Time,
656618152d704bdfb6b3d7d8,5d02220e06bdad0019e46624,APPROVED,2023-11-28T16:40:53.872000Z,2023-11-28T16:48:27.054000Z,2023-11-28T17:30:41.966000Z,2023-11-28T16:48:28.254956Z,454.0,CBCT4R5Q,135,"Polish, English",White/Caucasian,50,Female,White,Poland,Poland,Poland,Polish,No,Part-Time,
65661822dca27c3922475cb6,617672cfc7523038c4c64996,APPROVED,2023-11-28T16:45:12.482000Z,2023-11-28T16:56:34.718000Z,2023-11-28T17:30:53Z,2023-11-28T16:56:35.284946Z,683.0,CBCT4R5Q,181,English,African,55,Female,Black,South Africa,South Africa,South Africa,English,DATA_EXPIRED,DATA_EXPIRED,
6566182703e10006537e62d3,5a8adbd3f1408d000176a8d5,APPROVED,2023-11-28T16:41:23.325000Z,2023-11-28T16:48:11.935000Z,2023-11-28T17:30:46.114000Z,2023-11-28T16:48:12.618202Z,409.0,CBCT4R5Q,1010,"English, Portuguese",White/Caucasian,55,Female,White,Portugal,Portugal,Portugal,Portuguese,No,Full-Time,
656618c5b25649e0e3263470,613636704a5fb724220f56ec,APPROVED,2023-11-28T16:44:32.657000Z,2023-11-28T17:14:50.193000Z,2023-11-28T17:30:51.358000Z,2023-11-28T17:14:51.279974Z,1818.0,CBCT4R5Q,367,English,African,55,Female,Black,South Africa,South Africa,South Africa,English,No,Other,
6566192ac675408bf537d12c,59a817a969b7e70001fe5d38,APPROVED,2023-11-28T16:45:33.506000Z,2023-11-28T16:49:01.136000Z,2023-11-28T17:30:54.838000Z,2023-11-28T16:49:01.631804Z,208.0,CBCT4R5Q,977,English,White/Caucasian,51,Female,White,United Kingdom,United Kingdom,United Kingdom,English,No,Full-Time,
656619335872ebac6fc7388f,5a85c39ff49c9a0001f3885e,APPROVED,2023-11-28T16:45:39.680000Z,2023-11-28T16:53:46.122000Z,2023-11-28T17:30:56.659000Z,2023-11-28T16:53:47.144690Z,487.0,CBCT4R5Q,509,English,White/Caucasian,48,Female,White,Spain,Spain,Spain,Spanish,No,Part-Time,
6566194526aefa2d7b4421f1,60fd5dbc8d87b92180797063,APPROVED,2023-11-28T16:46:01.862000Z,2023-11-28T16:54:56.145000Z,2023-11-28T17:30:57.755000Z,2023-11-28T16:54:56.978245Z,535.0,CBCT4R5Q,294,"English, French",White/Caucasian,52,Female,White,Canada,Canada,Canada,French,DATA_EXPIRED,DATA_EXPIRED,
6566194eb2aa71cf85520bb8,608a0175caaa968e48ae4b6d,APPROVED,2023-11-28T16:46:09.839000Z,2023-11-28T16:56:18.556000Z,2023-11-28T17:30:59.396000Z,2023-11-28T16:56:19.772927Z,609.0,CBCT4R5Q,1180,"English, Spanish",Caribbean,48,Female,Mixed,Dominican Republic,United States,Dominican Republic,Spanish,DATA_EXPIRED,DATA_EXPIRED,
656619534c81d7d696f3f2b9,60e05fa41287b5c204dbdb51,APPROVED,2023-11-28T16:46:22.908000Z,2023-11-28T16:53:12.231000Z,2023-11-28T17:31:01.082000Z,2023-11-28T16:53:13.049228Z,410.0,CBCT4R5Q,499,"English, Serbian, Spanish",White/Caucasian,49,Female,White,Serbia,Spain,Spain,Serbian,No,Part-Time,
6566195f3a5e6e02c6c762be,5b2405d534ffd00001b41156,APPROVED,2023-11-28T16:46:27.893000Z,2023-11-28T16:53:10.024000Z,2023-11-28T17:31:03.211000Z,2023-11-28T16:53:11.220938Z,403.0,CBCT4R5Q,1085,English,White/Caucasian,52,Female,White,United Kingdom,United Kingdom,United Kingdom,English,DATA_EXPIRED,DATA_EXPIRED,
65661966bf3e7d5aec498784,5d02a158c8a372001abf3b30,APPROVED,2023-11-28T16:46:35.692000Z,2023-11-28T16:58:19.321000Z,2023-11-28T17:31:05.071000Z,2023-11-28T16:58:19.915339Z,704.0,CBCT4R5Q,1775,English,White/Caucasian,58,Female,White,United Kingdom,United Kingdom,United Kingdom,English,No,Part-Time,
65661969e3f5f20bbba70d70,60b74298885464607783ac69,APPROVED,2023-11-28T16:51:10.592000Z,2023-11-28T17:14:20.072000Z,2023-11-28T17:31:20.012000Z,2023-11-28T17:14:21.192417Z,1390.0,CBCT4R5Q,287,"English, French",White/Caucasian,50,Female,White,Portugal,Portugal,Portugal,Portuguese,No,Part-Time,
65661a024198a6e576fca421,5ea4a8e20a53a446b6b05e92,APPROVED,2023-11-28T16:50:23.132000Z,2023-11-28T16:58:35.030000Z,2023-11-28T17:31:16.507000Z,2023-11-28T16:58:35.565893Z,492.0,CBCT4R5Q,257,"English, German, French",White/Caucasian,59,Female,White,Germany,France,Belgium,English,No,"Not in paid work (e.g. homemaker', 'retired or disabled)",
65661a04484dbd0ff0e1b4e0,5e2425b75ade0b6af558644b,APPROVED,2023-11-28T16:49:12.207000Z,2023-11-28T16:59:14.351000Z,2023-11-28T17:31:09.437000Z,2023-11-28T16:59:14.894237Z,603.0,CBCT4R5Q,822,"English, Greek",White/Caucasian,50,Female,White,United Kingdom,United Kingdom,United Kingdom,English,No,"Not in paid work (e.g. homemaker', 'retired or disabled)",
65661a10579dd18cbb21af1d,615ae38adcc6bf035701d512,APPROVED,2023-11-28T16:49:41.660000Z,2023-11-28T17:04:53.092000Z,2023-11-28T17:31:12.903000Z,2023-11-28T17:04:53.841136Z,912.0,CBCT4R5Q,372,English,African,46,Female,Black,South Africa,South Africa,South Africa,English,No,Full-Time,
65662909ce9d0ebaf823558b,62f387004495cb4ed30d1d21,APPROVED,2023-11-28T17:53:20.365000Z,2023-11-28T18:00:34.095000Z,2023-11-28T18:54:26.846000Z,2023-11-28T18:00:34.591648Z,434.0,CBCT4R5Q,567,English,White/Caucasian,77,Male,White,United Kingdom,United Kingdom,United Kingdom,English,No,Part-Time,
6566293bea15de5f69b6c205,5ea040d5956554000971fb25,APPROVED,2023-11-28T17:54:10.128000Z,2023-11-28T18:06:12.682000Z,2023-11-28T18:54:28.320000Z,2023-11-28T18:06:13.855232Z,723.0,CBCT4R5Q,1151,English,White/Caucasian,67,Male,White,United Kingdom,United Kingdom,United Kingdom,English,No,"Not in paid work (e.g. homemaker', 'retired or disabled)",
65662b9535941dd22af5d294,5b03119a22ffb50001cbcb89,APPROVED,2023-11-28T18:04:09.012000Z,2023-11-28T18:09:54.420000Z,2023-11-28T18:54:42.606000Z,2023-11-28T18:09:54.970261Z,346.0,CBCT4R5Q,2399,English,White/Caucasian,67,Male,White,United Kingdom,United Kingdom,United Kingdom,English,No,"Not in paid work (e.g. homemaker', 'retired or disabled)",
65662bf4f78690dcd4634a4c,5f8ad96988e81c03fb97183b,APPROVED,2023-11-28T18:05:48.261000Z,2023-11-28T18:10:42.017000Z,2023-11-28T18:54:47.659000Z,2023-11-28T18:10:42.535423Z,294.0,CBCT4R5Q,681,English,White/Caucasian,77,Male,White,United Kingdom,United Kingdom,United Kingdom,English,No,"Not in paid work (e.g. homemaker', 'retired or disabled)",
65662c5ea1f837b2e94d5ab1,5ea02bab250e2f03bb1ceb71,APPROVED,2023-11-28T18:07:35.098000Z,2023-11-28T18:22:21.842000Z,2023-11-28T18:54:51.218000Z,2023-11-28T18:22:22.428458Z,887.0,CBCT4R5Q,438,English,White/Caucasian,83,Male,White,United Kingdom,United Kingdom,United Kingdom,English,No,DATA_EXPIRED,
65662d0435fd00183bd5740d,5f53b958c8cfea6e2104c5b6,APPROVED,2023-11-28T18:13:05.255000Z,2023-11-28T18:21:31.465000Z,2023-11-28T18:55:08.071000Z,2023-11-28T18:21:32.009117Z,507.0,CBCT4R5Q,1499,English,White/Caucasian,67,Male,White,United Kingdom,United Kingdom,United Kingdom,English,No,Full-Time,
65662d24610b0590c5de4954,5d1794f9db7eb7001af1b00c,APPROVED,2023-11-28T18:10:51.002000Z,2023-11-28T18:22:07.639000Z,2023-11-28T18:55:02.250000Z,2023-11-28T18:22:08.210462Z,677.0,CBCT4R5Q,1795,"English, French",White/Caucasian,74,Male,White,United Kingdom,United Kingdom,United Kingdom,French,No,"Not in paid work (e.g. homemaker', 'retired or disabled)",
65662d97eab3f05a8162f445,63ebbdbc09e0a1639c7ee6a5,APPROVED,2023-11-28T18:12:44.177000Z,2023-11-28T18:18:43.994000Z,2023-11-28T18:55:06.344000Z,2023-11-28T18:18:44.921900Z,360.0,CBCT4R5Q,419,English,White/Caucasian,65,Male,White,United Kingdom,United Kingdom,United Kingdom,English,No,Full-Time,
65662dce0551b87c721e6b62,5829f8eed7e5ff0001ff7d8d,APPROVED,2023-11-28T18:13:42.756000Z,2023-11-28T18:20:55.442000Z,2023-11-28T18:55:09.684000Z,2023-11-28T18:20:56.027513Z,433.0,CBCT4R5Q,1210,English,White/Caucasian,65,Male,White,United Kingdom,United Kingdom,United Kingdom,English,No,DATA_EXPIRED,
65662e36a53eb30f9ff23963,577bfad9d8e8880001b31280,APPROVED,2023-11-28T18:15:22.826000Z,2023-11-28T18:23:21.419000Z,2023-11-28T18:55:11.380000Z,2023-11-28T18:23:21.995829Z,479.0,CBCT4R5Q,1189,English,White/Caucasian,69,Male,White,United Kingdom,United Kingdom,United Kingdom,English,No,"Not in paid work (e.g. homemaker', 'retired or disabled)",
65662e3a62e45519ccf23800,605e4cc9d4e548bca0ad00ad,APPROVED,2023-11-28T18:15:28.188000Z,2023-11-28T18:26:27.795000Z,2023-11-28T18:55:14.279000Z,2023-11-28T18:26:28.403166Z,660.0,CBCT4R5Q,820,English,White/Caucasian,68,Male,White,United Kingdom,United Kingdom,United Kingdom,English,No,"Not in paid work (e.g. homemaker', 'retired or disabled)",
65662e4b24d3190eba390b6f,65072d46957959e23619381f,APPROVED,2023-11-28T18:15:44.172000Z,2023-11-28T18:52:34.332000Z,2023-11-28T18:55:16.026000Z,2023-11-28T18:52:35.428026Z,2211.0,CBCT4R5Q,124,English,White/Caucasian,66,Male,White,United Kingdom,United Kingdom,United Kingdom,English,No,"Not in paid work (e.g. homemaker', 'retired or disabled)",
65662e97f297b5d5a039e1e2,643c23204a1aa8edc3772c85,APPROVED,2023-11-28T18:17:00.983000Z,2023-11-28T18:27:11.367000Z,2023-11-28T18:55:18.378000Z,2023-11-28T18:27:12.177754Z,611.0,CBCT4R5Q,456,English,White/Caucasian,69,Male,White,United Kingdom,United Kingdom,United Kingdom,English,No,Part-Time,
65662ed55f4c31b688390a53,5ca102f57114700016da340d,APPROVED,2023-11-28T18:17:57.731000Z,2023-11-28T18:27:48.274000Z,2023-11-28T18:55:20.966000Z,2023-11-28T18:27:49.055723Z,591.0,CBCT4R5Q,1585,English,Mixed,73,Male,White,United Kingdom,United Kingdom,United Kingdom,English,No,DATA_EXPIRED,
6566263159afea8383fb02cf,5f411693e388cd26c8000e90,APPROVED,2023-11-28T17:41:12.334000Z,2023-11-28T17:46:25.296000Z,2023-11-28T18:54:22.274000Z,2023-11-28T17:46:25.786500Z,313.0,CBCT4R5Q,340,English,White/Caucasian,70,Female,White,United Kingdom,United Kingdom,United Kingdom,English,No,"Not in paid work (e.g. homemaker', 'retired or disabled)",
6566274cbc72801e72a8891e,5f6e83419dd5cb3c85325fc6,APPROVED,2023-11-28T17:46:16.419000Z,2023-11-28T17:55:17.401000Z,2023-11-28T18:54:24.013000Z,2023-11-28T17:55:17.936740Z,541.0,CBCT4R5Q,499,"English, Swedish",White/Caucasian,67,Female,White,Sweden,Sweden,Sweden,Swedish,DATA_EXPIRED,DATA_EXPIRED,
6566296d111c091f8f999ddc,608adfe197e6f7d14cb221cb,APPROVED,2023-11-28T17:54:59.450000Z,2023-11-28T18:00:32.621000Z,2023-11-28T18:54:29.722000Z,2023-11-28T18:00:33.266591Z,334.0,CBCT4R5Q,147,English,White/Caucasian,70,Female,White,United Kingdom,United Kingdom,United Kingdom,English,No,"Not in paid work (e.g. homemaker', 'retired or disabled)",
656629ce08d3adcd1e92fbde,614f8321333460db43b7f229,APPROVED,2023-11-28T17:58:19.681000Z,2023-11-28T18:10:04.622000Z,2023-11-28T18:54:33.732000Z,2023-11-28T18:10:05.069095Z,705.0,CBCT4R5Q,254,"English, French, Portuguese, Spanish",White/Caucasian,70,Female,White,Portugal,Portugal,Portugal,Portuguese,No,"Not in paid work (e.g. homemaker', 'retired or disabled)",
656629f169669c5838999d15,59a23b5d1bf9070001ce8d73,APPROVED,2023-11-28T17:57:12.226000Z,2023-11-28T18:10:50.803000Z,2023-11-28T18:54:31.331000Z,2023-11-28T18:10:51.290694Z,819.0,CBCT4R5Q,820,English,White/Caucasian,76,Female,White,United Kingdom,United Kingdom,United Kingdom,English,DATA_EXPIRED,DATA_EXPIRED,
65662aabf6948d516776c1e8,5d1aa8b2e1c05200018b570d,APPROVED,2023-11-28T18:00:20.654000Z,2023-11-28T18:10:35.995000Z,2023-11-28T18:54:35.577000Z,2023-11-28T18:10:36.478704Z,616.0,CBCT4R5Q,419,"English, Italian",White/Caucasian,76,Female,White,Italy,Canada,Canada,Italian,No,"Not in paid work (e.g. homemaker', 'retired or disabled)",
65662ac868f37eb5ad464c52,597cf6b07fd75300013451f3,APPROVED,2023-11-28T18:00:53.555000Z,2023-11-28T18:13:56.945000Z,2023-11-28T18:54:37.561000Z,2023-11-28T18:13:57.623627Z,784.0,CBCT4R5Q,1055,English,White/Caucasian,65,Female,White,United Kingdom,United Kingdom,United Kingdom,English,DATA_EXPIRED,DATA_EXPIRED,
65662b4c7f84de1037e56bb4,62b6eb8e6a786c9a892573ec,APPROVED,2023-11-28T18:03:03.178000Z,2023-11-28T18:12:53.709000Z,2023-11-28T18:54:40.640000Z,2023-11-28T18:12:54.216286Z,591.0,CBCT4R5Q,384,English,White/Caucasian,67,Female,White,United Kingdom,United Kingdom,United Kingdom,English,No,"Not in paid work (e.g. homemaker', 'retired or disabled)",
65662b95319493cdc96348ac,55e9aa1c735c45001043fbb6,APPROVED,2023-11-28T18:04:11.405000Z,2023-11-28T18:11:15.266000Z,2023-11-28T18:54:44.921000Z,2023-11-28T18:11:15.945779Z,424.0,CBCT4R5Q,2821,English,White/Caucasian,65,Female,White,United Kingdom,United Kingdom,United Kingdom,English,DATA_EXPIRED,"Not in paid work (e.g. homemaker', 'retired or disabled)",
65662bd3285114bb27fe3d11,5a022e98728b1b0001ad8b6b,APPROVED,2023-11-28T18:05:13.658000Z,2023-11-28T18:15:53.325000Z,2023-11-28T18:54:46.310000Z,2023-11-28T18:15:53.921641Z,640.0,CBCT4R5Q,1738,English,White/Caucasian,68,Female,White,United Kingdom,United Kingdom,United Kingdom,English,No,"Not in paid work (e.g. homemaker', 'retired or disabled)",
65662c1924d3190eba390aad,57a7326516a091000112edb2,APPROVED,2023-11-28T18:06:27.100000Z,2023-11-28T18:12:40.085000Z,2023-11-28T18:54:49.528000Z,2023-11-28T18:12:40.980230Z,373.0,CBCT4R5Q,1226,English,White/Caucasian,67,Female,White,United Kingdom,United Kingdom,United Kingdom,English,No,Part-Time,
65662c9e8d2691198be8e9c5,58d3c932f7a08b000176cd5d,APPROVED,2023-11-28T18:08:38.372000Z,2023-11-28T18:15:14.715000Z,2023-11-28T18:54:53.380000Z,2023-11-28T18:15:15.316602Z,397.0,CBCT4R5Q,1252,English,White/Caucasian,65,Female,White,United Kingdom,United Kingdom,United Kingdom,English,DATA_EXPIRED,DATA_EXPIRED,
65662ca91960de2fd81c0aef,5dd2d431181abc2ecde6edb4,APPROVED,2023-11-28T18:08:46.952000Z,2023-11-28T18:20:27.378000Z,2023-11-28T18:54:54.782000Z,2023-11-28T18:20:27.884880Z,701.0,CBCT4R5Q,1051,English,White/Caucasian,67,Female,White,Canada,Canada,Canada,English,No,"Not in paid work (e.g. homemaker', 'retired or disabled)",
65662cfdc2293a1aceb92d69,616446cf4ceb3432da9468f6,APPROVED,2023-11-28T18:10:09.124000Z,2023-11-28T18:16:51.778000Z,2023-11-28T18:54:58.048000Z,2023-11-28T18:16:52.314105Z,403.0,CBCT4R5Q,764,English,White/Caucasian,65,Female,White,United Kingdom,United Kingdom,United Kingdom,English,No,"Not in paid work (e.g. homemaker', 'retired or disabled)",
654e583163ef960c3a61e246,5cacd7f1b8f48300012dce7b,APPROVED,2023-11-10T16:20:05.420000Z,2023-11-10T16:28:11.183000Z,2023-11-10T21:47:14.723000Z,2023-11-10T16:28:11.870375Z,486.0,CBCT4R5Q,130,"Polish, English",White/Caucasian,24,Male,White,Poland,Poland,Poland,Polish,Yes,Part-Time,
654e585d10b0368c6d32e122,64847f70345fa6e73189dcc4,APPROVED,2023-11-10T16:20:45.498000Z,2023-11-10T16:32:15.188000Z,2023-11-10T21:47:16.629000Z,2023-11-10T16:32:15.773042Z,690.0,CBCT4R5Q,104,English,White/Caucasian,33,Male,White,Portugal,Portugal,Portugal,Portuguese,No,Full-Time,
654e588175a8f1c9d5e4fd7e,617668ba30fe0e01aea3f928,APPROVED,2023-11-10T16:21:50.528000Z,2023-11-10T16:31:45.876000Z,2023-11-10T21:47:21.044000Z,2023-11-10T16:31:46.428734Z,596.0,CBCT4R5Q,237,English,African,22,Male,Black,South Africa,South Africa,South Africa,English,Yes,DATA_EXPIRED,
654e586c8c82e7ef2c94a14e,5c7fa97a212cc800147dd154,APPROVED,2023-11-10T16:23:16.517000Z,2023-11-10T16:31:30.092000Z,2023-11-10T21:47:22.858000Z,2023-11-10T16:31:30.596501Z,494.0,CBCT4R5Q,989,English,White/Caucasian,62,Female,White,United Kingdom,United Kingdom,United Kingdom,English,No,"Not in paid work (e.g. homemaker', 'retired or disabled)",
654e587bac2b811932c27668,5fad4c1caae022024c431a87,APPROVED,2023-11-10T16:21:28.850000Z,2023-11-10T16:28:03.127000Z,2023-11-10T21:47:19.331000Z,2023-11-10T16:28:03.659827Z,395.0,CBCT4R5Q,297,"Italian, English",White / Sephardic Jew,22,Female,White,Italy,Italy,Italy,Italian,Yes,Other,
654e68a2032921ced4435568,5bb511c6689fc5000149c703,APPROVED,2023-11-10T17:30:14.606000Z,2023-11-10T17:41:30.231000Z,2023-11-10T21:47:24.415000Z,2023-11-10T17:41:31.436431Z,676.0,CBCT4R5Q,1359,"English, Spanish",Latino/Hispanic,47,Female,Other,Mexico,Mexico,Mexico,Spanish,DATA_EXPIRED,DATA_EXPIRED,
6565ed3a0059548ec344092e,5efdb1ed5b71be024f8e2104,APPROVED,2023-11-28T13:38:02.828000Z,2023-11-28T13:56:36.250000Z,2023-11-28T14:29:45.884000Z,2023-11-28T13:56:36.848490Z,1114.0,CBCT4R5Q,244,English,Black/African American,25,Male,Black,South Africa,South Africa,South Africa,English,DATA_EXPIRED,DATA_EXPIRED,
6565ed60af93f5e23162258a,5fe0ae48c3fd0520be73c19f,APPROVED,2023-11-28T13:38:40.907000Z,2023-11-28T13:43:52.540000Z,2023-11-28T14:29:53.143000Z,2023-11-28T13:43:53.102148Z,312.0,CBCT4R5Q,391,"English, Portuguese",White/Caucasian,22,Male,White,Portugal,Portugal,Portugal,Portuguese,Yes,Other,
6565ed64ae0a36f4b6780b55,5fa4725a186c050edc3bcc20,APPROVED,2023-11-28T13:38:44.701000Z,2023-11-28T13:59:20.084000Z,2023-11-28T14:29:55.180000Z,2023-11-28T13:59:20.720925Z,1236.0,CBCT4R5Q,116,"Polish, English",White / Sephardic Jew,23,Male,White,Poland,Poland,Poland,Polish,Yes,"Not in paid work (e.g. homemaker', 'retired or disabled)",
6565ed8e0965102de577b822,611ee79860a820fbf644fc01,APPROVED,2023-11-28T13:39:26.103000Z,2023-11-28T13:47:13.630000Z,2023-11-28T14:29:59.772000Z,2023-11-28T13:47:14.103556Z,468.0,CBCT4R5Q,100,English,African,23,Male,Black,South Africa,South Africa,South Africa,English,Yes,Unemployed (and job seeking),
6565eda25fbfc90c805ddbc3,601f93758d79b24eabff2e44,APPROVED,2023-11-28T13:39:54.836000Z,2023-11-28T13:46:32.811000Z,2023-11-28T14:30:07.365000Z,2023-11-28T13:46:33.319132Z,398.0,CBCT4R5Q,182,"Polish, English",Middle Eastern,21,Male,White,Poland,Poland,Poland,Polish,Yes,Full-Time,
6565eda4ccae097c52d94e70,61275a3158c67415afb971ff,APPROVED,2023-11-28T13:39:55.840000Z,2023-11-28T13:48:25.700000Z,2023-11-28T14:30:09.361000Z,2023-11-28T13:48:26.299164Z,510.0,CBCT4R5Q,266,English,African,23,Male,Black,South Africa,South Africa,South Africa,English,Yes,Other,
6565edcba771af4a3ea7bafe,607d8dea68bb7bfa0401824a,APPROVED,2023-11-28T13:40:34.390000Z,2023-11-28T13:49:20.394000Z,2023-11-28T14:30:15.168000Z,2023-11-28T13:49:20.909907Z,527.0,CBCT4R5Q,224,"Italian, English, French",White/Caucasian,24,Male,White,Italy,Italy,Italy,Italian,Yes,Other,
6565edfe0059548ec344099c,611ed2c05be8517aa0d6076b,APPROVED,2023-11-28T13:41:20.868000Z,2023-11-28T14:23:26.431000Z,2023-11-28T14:30:22.489000Z,2023-11-28T14:23:28.160996Z,2526.0,CBCT4R5Q,556,"English, Portuguese, Spanish",Latino/Hispanic,23,Male,White,Portugal,Portugal,Portugal,Portuguese,Yes,Unemployed (and job seeking),
6565ee2c1c82410c5de09fcc,5bf1d974c795fe000143e539,APPROVED,2023-11-28T13:43:09.400000Z,2023-11-28T13:48:19.593000Z,2023-11-28T14:30:30.040000Z,2023-11-28T13:48:20.983595Z,311.0,CBCT4R5Q,245,English,Mixed,23,Male,Mixed,Portugal,Portugal,Portugal,Portuguese,No,Full-Time,
6565ee3488d896b91784e95b,60b3677baee71d7d2b05738d,APPROVED,2023-11-28T13:43:32.147000Z,2023-11-28T13:58:17.508000Z,2023-11-28T14:30:31.106000Z,2023-11-28T13:58:18.189631Z,886.0,CBCT4R5Q,107,"Afrikaans, English",Other (please feel free to let us know your ethnicity via email),24,Male,Mixed,South Africa,South Africa,South Africa,Afrikaans,Yes,Part-Time,
6565ee633176025c789c8eb2,603d4fe6945077c526f54762,APPROVED,2023-11-28T13:43:07.320000Z,2023-11-28T13:49:41.308000Z,2023-11-28T14:30:28.312000Z,2023-11-28T13:49:41.855049Z,394.0,CBCT4R5Q,304,"English, French, Portuguese, Spanish",White/Caucasian,21,Male,White,Portugal,Portugal,Portugal,Portuguese,Yes,Full-Time,
6565ee90f2c2532318b4f2a5,6032faae972410386869b749,APPROVED,2023-11-28T13:43:44.401000Z,2023-11-28T13:59:51.076000Z,2023-11-28T14:30:32.838000Z,2023-11-28T13:59:51.665190Z,967.0,CBCT4R5Q,132,"Polish, English",White/Caucasian,21,Male,White,Poland,Poland,Poland,Polish,Yes,Other,
6565ed3bc3cd155af8ee3ba3,60ddfc8d812b5c63f22c1ac3,APPROVED,2023-11-28T13:38:16.993000Z,2023-11-28T13:45:13.615000Z,2023-11-28T14:29:51.648000Z,2023-11-28T13:45:14.647088Z,417.0,CBCT4R5Q,236,English,African,21,Female,Black,South Africa,South Africa,South Africa,English,Yes,DATA_EXPIRED,
6565ed3f423e024e00e32650,615a047f08d2a62e66315a7d,APPROVED,2023-11-28T13:38:07.707000Z,2023-11-28T13:50:26.896000Z,2023-11-28T14:29:47.498000Z,2023-11-28T13:50:27.320795Z,740.0,CBCT4R5Q,180,"English, Other",African,24,Female,Black,South Africa,South Africa,South Africa,English,No,Unemployed (and job seeking),
6565ed3f0196ae22628b7743,6164bf85b5dfa5ddff6da08d,APPROVED,2023-11-28T13:38:07.957000Z,2023-11-28T13:47:29.904000Z,2023-11-28T14:29:49.001000Z,2023-11-28T13:47:30.412897Z,562.0,CBCT4R5Q,149,English,African,24,Female,Black,South Africa,South Africa,South Africa,English,Yes,"Not in paid work (e.g. homemaker', 'retired or disabled)",
6565ed5be80519f2b612ff9b,6118df266b78994443b54644,APPROVED,2023-11-28T13:39:00.578000Z,2023-11-28T13:53:49.255000Z,2023-11-28T14:29:58.461000Z,2023-11-28T13:53:49.799763Z,889.0,CBCT4R5Q,391,English,African,20,Female,Black,South Africa,South Africa,South Africa,English,Yes,"Not in paid work (e.g. homemaker', 'retired or disabled)",
6565ed666c0e238562696f47,61767385d5bf6ad7a176572c,APPROVED,2023-11-28T13:38:46.510000Z,2023-11-28T13:52:51.879000Z,2023-11-28T14:29:56.658000Z,2023-11-28T13:52:52.368302Z,846.0,CBCT4R5Q,109,"Afrikaans, English",African,24,Female,Black,South Africa,South Africa,South Africa,English,No,Part-Time,
6565ed78ff6d8bd991d94d75,6075f9b2eddc04057248871d,APPROVED,2023-11-28T13:42:48.435000Z,2023-11-28T13:50:40.065000Z,2023-11-28T14:30:25.600000Z,2023-11-28T13:50:40.526806Z,472.0,CBCT4R5Q,271,"English, Portuguese, German, Spanish, French",White/Caucasian,20,Female,White,Portugal,Portugal,Portugal,Portuguese,Yes,Unemployed (and job seeking),
6565ed853176025c789c8e53,61269889b1e365884ea88bbf,APPROVED,2023-11-28T13:39:44.145000Z,2023-11-28T13:51:14.259000Z,2023-11-28T14:30:05.124000Z,2023-11-28T13:51:15.016113Z,691.0,CBCT4R5Q,144,English,African,20,Female,Black,South Africa,South Africa,South Africa,English,Yes,"Not in paid work (e.g. homemaker', 'retired or disabled)",
6565ed8eba896c5ca64550cf,606c0d767169248ed2471e9e,APPROVED,2023-11-28T13:39:26.639000Z,2023-11-28T13:45:43.297000Z,2023-11-28T14:30:01.222000Z,2023-11-28T13:45:43.750100Z,377.0,CBCT4R5Q,200,"French, Greek, English",White/Caucasian,23,Female,White,Greece,Greece,Greece,Greek,Yes,Full-Time,
6565ed97e756384a1413e4c6,5d7ebcb3026f400019f06eac,APPROVED,2023-11-28T13:39:35.903000Z,2023-11-28T13:43:17.705000Z,2023-11-28T14:30:03.329000Z,2023-11-28T13:43:18.690732Z,222.0,CBCT4R5Q,316,"Spanish, French, English",Mixed,22,Female,Mixed,France,France,France,French,Yes,Unemployed (and job seeking),
6565edaeb55ee9fda60d0edd,5fcaac23a7646c752e3e7ea2,APPROVED,2023-11-28T13:39:58.243000Z,2023-11-28T13:58:46.073000Z,2023-11-28T14:30:11.956000Z,2023-11-28T13:58:46.850600Z,1128.0,CBCT4R5Q,170,"English, German, Italian, Spanish",Black/African American,22,Female,White,Italy,United Kingdom,Italy,Italian,No,Due to start a new job within the next month,
6565edc7bdcef69dfd88838c,6050e0236d725096c9ae2131,APPROVED,2023-11-28T13:40:37.357000Z,2023-11-28T13:49:20.632000Z,2023-11-28T14:30:18.012000Z,2023-11-28T13:49:21.448712Z,524.0,CBCT4R5Q,159,"Portuguese, English, Spanish",White/Caucasian,22,Female,White,Portugal,Portugal,Portugal,Portuguese,No,Unemployed (and job seeking),
6565edd01c82410c5de09fb0,60beb34989463cab6c1d6c52,APPROVED,2023-11-28T13:40:37.637000Z,2023-11-28T13:48:21.125000Z,2023-11-28T14:30:19.518000Z,2023-11-28T13:48:21.686193Z,464.0,CBCT4R5Q,255,"English, Afrikaans",African,25,Female,Black,South Africa,South Africa,South Africa,English,No,Unemployed (and job seeking),
6565edd36e3d97c3c2db8aeb,5ba785da1db9be000152c608,APPROVED,2023-11-28T13:40:40.254000Z,2023-11-28T14:09:05.970000Z,2023-11-28T14:30:21.001000Z,2023-11-28T14:09:06.680660Z,1706.0,CBCT4R5Q,280,"English, Greek",White/Caucasian,23,Female,White,Greece,Greece,Greece,Greek,No,Full-Time,
6565ee1cf2c2532318b4f27e,6115b04df80df42b35811792,APPROVED,2023-11-28T13:41:48.396000Z,2023-11-28T13:50:36.792000Z,2023-11-28T14:30:23.938000Z,2023-11-28T13:50:37.485559Z,529.0,CBCT4R5Q,185,"Portuguese, English",White/Caucasian,22,Female,White,Portugal,Portugal,Portugal,Portuguese,No,DATA_EXPIRED,
6558a16c7a58475affaad6bc,5fb06b4b3dd55345b0983f59,APPROVED,2023-11-18T11:35:12.515000Z,2023-11-18T11:50:59.447000Z,2023-11-20T08:51:36.331000Z,2023-11-18T11:50:59.918148Z,947.0,CBCT4R5Q,360,"English, French, Portuguese",White/Caucasian,70,Male,White,Portugal,Portugal,Portugal,Portuguese,No,Part-Time,
6558a24c144d7789eace2b2b,59981f2105a0e30001f1ff0f,APPROVED,2023-11-18T11:39:00.990000Z,2023-11-18T11:50:43.832000Z,2023-11-20T08:51:41.418000Z,2023-11-18T11:50:44.306502Z,703.0,CBCT4R5Q,758,"English, Italian, Russian",White/Caucasian,65,Male,White,Italy,Italy,Italy,Italian,No,"Not in paid work (e.g. homemaker', 'retired or disabled)",
6558a2883de851eb1d49c545,5d67a2bf6cd320001a36cb6b,APPROVED,2023-11-18T11:39:55.942000Z,2023-11-18T11:46:18.397000Z,2023-11-20T08:51:42.649000Z,2023-11-18T11:46:18.870169Z,383.0,CBCT4R5Q,1420,English,White/Caucasian,67,Male,White,United Kingdom,United Kingdom,United Kingdom,English,No,"Not in paid work (e.g. homemaker', 'retired or disabled)",
6558a30aa03ec068a8fc3189,58a89e40e6afe00001d36058,APPROVED,2023-11-18T11:42:07.048000Z,2023-11-18T11:50:21.118000Z,2023-11-20T08:51:43.997000Z,2023-11-18T11:50:21.575914Z,495.0,CBCT4R5Q,622,English,White/Caucasian,74,Male,White,United Kingdom,United Kingdom,United Kingdom,English,No,"Not in paid work (e.g. homemaker', 'retired or disabled)",
6558a31a4bb1c5db028293ec,6287d42f330fa90651739a48,APPROVED,2023-11-18T11:42:24.411000Z,2023-11-18T11:50:29.612000Z,2023-11-20T08:51:46.947000Z,2023-11-18T11:50:30.116366Z,486.0,CBCT4R5Q,856,English,White/Caucasian,65,Male,White,United Kingdom,United Kingdom,United Kingdom,English,No,Full-Time,
6558a3295863f22617207108,5c9cb670b472d0001295f377,APPROVED,2023-11-18T11:42:33.817000Z,2023-11-18T12:00:40.076000Z,2023-11-20T08:51:49.857000Z,2023-11-18T12:00:40.586775Z,1087.0,CBCT4R5Q,1024,"English, Greek",White/Caucasian,67,Male,White,Greece,Greece,Greece,English,No,Part-Time,
6558a442e79c8918c9807204,646f6c568e6ce589a788a1da,APPROVED,2023-11-18T11:48:29.095000Z,2023-11-18T12:03:10.766000Z,2023-11-20T08:52:10.903000Z,2023-11-18T12:03:11.282215Z,882.0,CBCT4R5Q,143,English,White/Caucasian,82,Male,White,Australia,Australia,Australia,English,No,"Not in paid work (e.g. homemaker', 'retired or disabled)",
6558a4c58072fc8a60036df7,64637fa7bb9009a7f1d5a813,APPROVED,2023-11-18T11:49:25.286000Z,2023-11-18T11:56:34.960000Z,2023-11-20T08:52:09.414000Z,2023-11-18T11:56:35.472704Z,430.0,CBCT4R5Q,135,English,White/Caucasian,65,Male,White,Ireland,Ireland,Ireland,English,DATA_EXPIRED,Other,
6558a4cf8cf726c39b1a4f59,64971e71ba666687996c6072,APPROVED,2023-11-18T11:49:49.631000Z,2023-11-18T12:03:54.797000Z,2023-11-20T08:52:05.342000Z,2023-11-18T12:03:55.328552Z,846.0,CBCT4R5Q,139,"English, Swedish",White/Caucasian,66,Male,White,Sweden,Sweden,Sweden,Swedish,No,"Not in paid work (e.g. homemaker', 'retired or disabled)",
6558a4d2c6d84395709e77de,5b91494498530500014c1fcd,APPROVED,2023-11-18T11:49:43.383000Z,2023-11-18T11:55:59.138000Z,2023-11-20T08:52:07.385000Z,2023-11-18T11:55:59.603208Z,376.0,CBCT4R5Q,1917,English,White/Caucasian,69,Male,White,United Kingdom,United Kingdom,United Kingdom,English,No,Part-Time,
6558a15a83c54f5e1c90eb78,610a545e57efd9a197696c77,APPROVED,2023-11-18T11:35:34.874000Z,2023-11-18T11:44:03.617000Z,2023-11-20T08:51:37.707000Z,2023-11-18T11:44:04.131335Z,509.0,CBCT4R5Q,366,English,White/Caucasian,67,Female,White,South Africa,South Africa,South Africa,English,DATA_EXPIRED,DATA_EXPIRED,
6558a2108072fc8a60036d97,61184395bd2b2c2ff52cb611,APPROVED,2023-11-18T11:38:20.514000Z,2023-11-18T11:53:41.499000Z,2023-11-20T08:51:39.146000Z,2023-11-18T11:53:42.056182Z,921.0,CBCT4R5Q,376,"English, Portuguese",White/Caucasian,71,Female,White,Portugal,Portugal,Portugal,Portuguese,No,"Not in paid work (e.g. homemaker', 'retired or disabled)",
6558a3111bb1fffbba2ef103,61703be3748d6f5ddc01170a,APPROVED,2023-11-18T11:42:17.343000Z,2023-11-18T11:51:39.027000Z,2023-11-20T08:51:45.429000Z,2023-11-18T11:51:39.576296Z,562.0,CBCT4R5Q,417,"Afrikaans, English",White/Caucasian,65,Female,White,South Africa,South Africa,South Africa,Afrikaans,No,"Not in paid work (e.g. homemaker', 'retired or disabled)",
6558a3263b290b956f1ea9c5,5def0431a506d95b31007a88,APPROVED,2023-11-18T11:42:38.155000Z,2023-11-18T11:51:31.603000Z,2023-11-20T08:51:52.128000Z,2023-11-18T11:51:32.133828Z,534.0,CBCT4R5Q,1146,English,White/Caucasian,69,Female,White,United Kingdom,Canada,United Kingdom,English,No,"Not in paid work (e.g. homemaker', 'retired or disabled)",
6558a3d833298201276c264b,5cd040a3c38e5600193e9cc1,APPROVED,2023-11-18T11:45:36.625000Z,2023-11-18T11:53:41.155000Z,2023-11-20T08:51:54.737000Z,2023-11-18T11:53:41.762182Z,485.0,CBCT4R5Q,1309,English,White/Caucasian,65,Female,White,United Kingdom,United Kingdom,United Kingdom,English,No,DATA_EXPIRED,
6558a3f71dcc39ed7fe0abc0,5aec383502d69a0001f1ff30,APPROVED,2023-11-18T11:46:05.154000Z,2023-11-18T11:49:57.218000Z,2023-11-20T08:52:33.997000Z,2023-11-18T11:49:57.724203Z,233.0,CBCT4R5Q,1558,English,White/Caucasian,68,Female,White,United Kingdom,United Kingdom,United Kingdom,English,No,"Not in paid work (e.g. homemaker', 'retired or disabled)",
6558a5478363f734b03235fd,5991efc7b83f800001a5e431,APPROVED,2023-11-18T11:51:41.667000Z,2023-11-18T12:00:43.176000Z,2023-11-20T08:52:03.740000Z,2023-11-18T12:00:43.643865Z,542.0,CBCT4R5Q,1976,English,White/Caucasian,74,Female,White,United Kingdom,United Kingdom,United Kingdom,English,No,"Not in paid work (e.g. homemaker', 'retired or disabled)",
6558a5afc6d84395709e7807,5e6645daaf3bd53bfad40b9f,APPROVED,2023-11-18T11:53:22.994000Z,2023-11-18T12:01:31.516000Z,2023-11-20T08:52:01.940000Z,2023-11-18T12:01:31.990535Z,489.0,CBCT4R5Q,1708,English,White/Caucasian,68,Female,White,United Kingdom,United Kingdom,United Kingdom,English,No,Part-Time,
6558a60efc51460f95a563c6,606f0911a98c67d01edbcf11,APPROVED,2023-11-18T11:55:06.974000Z,2023-11-18T12:04:19.461000Z,2023-11-20T08:51:59.969000Z,2023-11-18T12:04:19.898778Z,553.0,CBCT4R5Q,688,"English, French, Italian, Spanish",White/Caucasian,70,Female,White,United States,Switzerland,United States,English,No,"Not in paid work (e.g. homemaker', 'retired or disabled)",
6558a633f1e1f5717c7433a4,60c0c4333e49151d768bb35b,APPROVED,2023-11-18T11:55:31.766000Z,2023-11-18T12:05:40.835000Z,2023-11-20T08:51:57.898000Z,2023-11-18T12:05:41.579365Z,610.0,CBCT4R5Q,575,"English, French, Hebrew, Italian",White / Sephardic Jew,70,Female,White,Canada,Israel,Israel,English,No,"Not in paid work (e.g. homemaker', 'retired or disabled)",
6565fb4cc9ea2f6f939e8893,5f452661c5a1b50a817ab094,APPROVED,2023-11-28T14:38:08.281000Z,2023-11-28T14:44:44.247000Z,2023-11-28T14:49:45.399000Z,2023-11-28T14:44:45.082802Z,396.0,CBCT4R5Q,434,"Hungarian, English",White/Caucasian,24,Male,White,Hungary,Hungary,Hungary,Hungarian,DATA_EXPIRED,DATA_EXPIRED,
6565fb6b1d177cd7ddaad54f,6093c8ecd6164d2b16b202aa,APPROVED,2023-11-28T14:38:41.895000Z,2023-11-28T14:47:22.127000Z,2023-11-28T14:49:49.141000Z,2023-11-28T14:47:23.008528Z,521.0,CBCT4R5Q,129,"Polish, English",Middle Eastern,21,Male,White,Poland,Poland,Poland,Polish,Yes,Full-Time,
6565fb424cf0213a67b1783d,5dfe40cc056205ac6c013729,APPROVED,2023-11-28T14:38:08.870000Z,2023-11-28T14:44:28.515000Z,2023-11-28T14:49:47.162000Z,2023-11-28T14:44:29.178715Z,380.0,CBCT4R5Q,191,"English, Spanish, Italian, Portuguese, French",Latino/Hispanic,25,Female,White,Portugal,Portugal,Portugal,Portuguese,No,Full-Time,
656612f8958d9083a1fd5418,5fd5c8a1b06c1b43e8d3c8c1,APPROVED,2023-11-28T16:19:34.111000Z,2023-11-28T16:28:45.382000Z,2023-11-28T17:30:22.287000Z,2023-11-28T16:28:45.868044Z,552.0,CBCT4R5Q,221,"English, Portuguese",Black/African American,28,Female,Black,Anguilla,South Africa,South Africa,Portuguese,No,Full-Time,
656612fb6fe6a9f753312d5a,613abcc8a654d0ca925f9434,APPROVED,2023-11-28T16:19:07.155000Z,2023-11-28T16:40:06.859000Z,2023-11-28T17:30:19.767000Z,2023-11-28T16:40:07.858435Z,1260.0,CBCT4R5Q,447,"Spanish, English",Latino/Hispanic,26,Female,White,Mexico,Mexico,Mexico,Spanish,No,Full-Time,
655b22610fa215dc1c6fa618,6161bdbff67e4b4621b530e7,APPROVED,2023-11-20T09:10:06.754000Z,2023-11-20T09:26:17.365000Z,2023-11-20T09:28:54.354000Z,2023-11-20T09:26:18.584042Z,971.0,CBCT4R5Q,446,"Afrikaans, English",Mixed,65,Female,Other,South Africa,South Africa,South Africa,English,No,"Not in paid work (e.g. homemaker', 'retired or disabled)",Woman (including Trans Female/Trans Woman)
655796cb56d0269f34c7f1c0,6160f5524121cc64e5734edc,APPROVED,2023-11-17T16:37:44.026000Z,2023-11-17T16:52:36.155000Z,2023-11-18T09:12:52.022000Z,2023-11-17T16:52:37.939797Z,893.0,CBCT4R5Q,473,English,African,22,Male,Black,South Africa,South Africa,South Africa,English,Yes,Full-Time,
655796cc50d47179c84e4a8d,5d02ed8f7a3c0f0015cd3230,APPROVED,2023-11-17T16:37:32.660000Z,2023-11-17T16:42:45.852000Z,2023-11-18T09:12:47.104000Z,2023-11-17T16:42:46.505587Z,314.0,CBCT4R5Q,680,"Spanish, English, German, Galician, Portuguese",White/Caucasian,24,Male,White,Portugal,Portugal,Portugal,Portuguese,Yes,Unemployed (and job seeking),
655796d3203cfe197afd0b53,611cfda46e28a6675bc39937,APPROVED,2023-11-17T16:42:21.901000Z,2023-11-17T16:50:05.421000Z,2023-11-18T09:13:11.487000Z,2023-11-17T16:50:05.964832Z,464.0,CBCT4R5Q,337,English,East Asian,23,Male,Asian,South Africa,South Africa,South Africa,English,No,Unemployed (and job seeking),
655796d7f540143a208d7f47,5efa390090e7451028fdfb1a,APPROVED,2023-11-17T16:37:43.395000Z,2023-11-17T16:41:16.715000Z,2023-11-18T09:12:48.442000Z,2023-11-17T16:41:17.565817Z,214.0,CBCT4R5Q,246,"Spanish, English",Latino/Hispanic,24,Male,Mixed,Chile,Chile,Chile,Spanish,No,Unemployed (and job seeking),
655796e13b290b956f1e8408,5ec14e5e02be0302c76de065,APPROVED,2023-11-17T16:37:53.149000Z,2023-11-17T16:44:42.913000Z,2023-11-18T09:12:53.839000Z,2023-11-17T16:44:43.821991Z,410.0,CBCT4R5Q,205,"Portuguese, English",White/Caucasian,22,Male,White,Portugal,Portugal,Portugal,Portuguese,DATA_EXPIRED,DATA_EXPIRED,
655796e6dc69eb19d32d64cc,614dd5f6c07191a861f2bd78,APPROVED,2023-11-17T16:37:58.894000Z,2023-11-17T17:25:43.725000Z,2023-11-18T09:12:55.528000Z,2023-11-17T17:25:44.621078Z,2865.0,CBCT4R5Q,217,"English, Spanish",White Mexican,25,Male,Mixed,Mexico,Mexico,Mexico,Spanish,No,Full-Time,
655796e72f70995d02d20866,5f0af097e7d15b3bf7734642,APPROVED,2023-11-17T16:37:59.422000Z,2023-11-17T16:53:02.707000Z,2023-11-18T09:12:56.760000Z,2023-11-17T16:53:03.341842Z,904.0,CBCT4R5Q,529,"Italian, English",White/Caucasian,25,Male,White,Italy,Italy,Italy,Italian,Yes,Other,
655796ec86663ead0cdfec60,5b575632e62cbe000197b9d7,APPROVED,2023-11-17T16:38:04.115000Z,2023-11-17T16:45:59.813000Z,2023-11-18T09:12:58.865000Z,2023-11-17T16:46:00.259453Z,476.0,CBCT4R5Q,243,"English, Polish",White/Caucasian,25,Male,White,Poland,Poland,Poland,Polish,No,Unemployed (and job seeking),
655796f1ab815a99c28d8003,6150e817533ea8f02c003704,APPROVED,2023-11-17T16:38:09.338000Z,2023-11-17T17:01:15.798000Z,2023-11-18T09:13:01.456000Z,2023-11-17T17:01:16.404855Z,1387.0,CBCT4R5Q,124,English,African,21,Male,Black,South Africa,South Africa,South Africa,English,Yes,Unemployed (and job seeking),
655796c02f44e0a308743415,610e91ff6d4a93e7c6d157e4,APPROVED,2023-11-17T16:37:20.136000Z,2023-11-17T16:46:23.763000Z,2023-11-18T09:12:43.939000Z,2023-11-17T16:46:24.266485Z,544.0,CBCT4R5Q,181,English,African,20,Female,Black,Nigeria,South Africa,Nigeria,English,DATA_EXPIRED,DATA_EXPIRED,
655796caa39da33024dae72c,5c102aebe6eb4e0001b28736,APPROVED,2023-11-17T16:37:30.474000Z,2023-11-17T16:49:59.829000Z,2023-11-18T09:12:45.642000Z,2023-11-17T16:50:00.836781Z,750.0,CBCT4R5Q,190,"English, Portuguese",White/Caucasian,23,Female,White,Portugal,Portugal,Portugal,Portuguese,No,Full-Time,
655796cf10ee5a2c03319638,5fc1828b10d93323a5c7be7b,APPROVED,2023-11-17T16:43:38.051000Z,2023-11-17T16:50:39.474000Z,2023-11-18T09:13:15.323000Z,2023-11-17T16:50:39.990479Z,422.0,CBCT4R5Q,111,"Portuguese, English",White/Caucasian,22,Female,White,Portugal,Portugal,Portugal,Portuguese,Yes,Other,
655796d31f45d1ebb6eefa70,5e807c4dee53e67573c6f30d,APPROVED,2023-11-17T16:37:43.755000Z,2023-11-17T16:41:25.127000Z,2023-11-18T09:12:49.644000Z,2023-11-17T16:41:25.638295Z,222.0,CBCT4R5Q,152,English,Black/British,22,Female,Black,United Kingdom,United Kingdom,United Kingdom,English,Yes,Part-Time,
655796f790cf8ad4f22ec83a,61092e5621c9bede90eb43b1,APPROVED,2023-11-17T16:38:15.237000Z,2023-11-17T16:43:27.530000Z,2023-11-18T09:13:03.247000Z,2023-11-17T16:43:28.026010Z,313.0,CBCT4R5Q,183,"English, Latvian, Russian",White/Caucasian,24,Female,White,Latvia,Latvia,Latvia,Latvian,Yes,Full-Time,
655796ff044217094843e6aa,613ca0a2040055a4e87c5d71,APPROVED,2023-11-17T16:38:44.167000Z,2023-11-17T16:52:48.402000Z,2023-11-18T09:13:09.743000Z,2023-11-17T16:52:48.934453Z,845.0,CBCT4R5Q,229,English,African,22,Female,Black,South Africa,South Africa,South Africa,English,No,Unemployed (and job seeking),
655797037ec6253844f854c9,6170515180056df60ce0808f,APPROVED,2023-11-17T16:38:27.238000Z,2023-11-17T16:47:01.129000Z,2023-11-18T09:13:05.404000Z,2023-11-17T16:47:01.575215Z,514.0,CBCT4R5Q,301,English,African,23,Female,Black,South Africa,South Africa,South Africa,English,DATA_EXPIRED,Full-Time,
655797032c6ba5c526da11d1,614da4dd46a046479740407a,APPROVED,2023-11-17T16:38:35.956000Z,2023-11-17T16:44:52.885000Z,2023-11-18T09:13:07.727000Z,2023-11-17T16:44:53.505545Z,377.0,CBCT4R5Q,125,English,African,23,Female,Black,South Africa,South Africa,South Africa,English,Yes,Part-Time,
655797eee43ecf6369917fc6,60fc93a0ecef80f3a64f2c60,APPROVED,2023-11-17T16:42:49.308000Z,2023-11-17T16:57:16.001000Z,2023-11-18T09:13:12.948000Z,2023-11-17T16:57:16.515559Z,867.0,CBCT4R5Q,146,"English, Slovenian",White/Caucasian,21,Female,White,Slovenia,Slovenia,Slovenia,Slovenian,Yes,Other,
