Submission id,Participant id,Status,Custom study tncs accepted at,Started at,Completed at,Reviewed at,Archived at,Time taken,Completion code,Total approvals,Fluent languages,Ethnicity,Age,Sex,Ethnicity simplified,Country of birth,Country of residence,Nationality,Language,Student status,Employment status
65e0bb48e3e4913ed8bafa78,5ea6afb9069d24039173f29e,APPROVED,Not Applicable,2024-02-29T17:13:44.691000Z,2024-02-29T17:27:37.461000Z,2024-03-01T09:13:30.510000Z,2024-02-29T17:27:38.092697Z,833.0,CBCT4R5Q,257,"English, German, Polish, Russian",White/Caucasian,26,Male,White,Poland,Poland,Poland,Polish,Yes,Unemployed (and job seeking)
65e0bb4dc6e4e8e1ba892b37,5aa1c9fe35237b000112df7d,APPROVED,Not Applicable,2024-02-29T17:13:49.547000Z,2024-02-29T17:24:48.278000Z,2024-03-01T09:13:31.944000Z,2024-02-29T17:24:48.770108Z,659.0,CBCT4R5Q,205,"English, Czech",White/Caucasian,32,Male,White,Czech Republic,Czech Republic,Czech Republic,Czech,DATA_EXPIRED,DATA_EXPIRED
65e0be8831eb5d79b468104f,5c4e82cd6aeb5d000101b178,APPROVED,Not Applicable,2024-02-29T17:27:48.685000Z,2024-02-29T17:48:36.080000Z,2024-03-01T09:13:39.292000Z,2024-02-29T17:48:36.671191Z,1248.0,CBCT4R5Q,1227,"Spanish, English",White/Caucasian,54,Male,Mixed,United States,Mexico,United States,English,DATA_EXPIRED,DATA_EXPIRED
65e0bed637a06cae0f1d14c2,5b9b3977cc5dd0000165ff0b,APPROVED,Not Applicable,2024-02-29T17:29:17.671000Z,2024-02-29T17:42:40.119000Z,2024-03-01T09:14:55.747000Z,2024-02-29T17:42:40.588011Z,803.0,CBCT4R5Q,1447,"English, French",Black/African American,48,Male,Black,United States,Canada,United States,English,DATA_EXPIRED,DATA_EXPIRED
65e0bf0df267c17772cb6527,6551f5f603b4710f1a943877,APPROVED,Not Applicable,2024-02-29T17:29:53.472000Z,2024-02-29T17:47:48.152000Z,2024-03-01T09:14:54.221000Z,2024-02-29T17:47:48.973296Z,1075.0,CBCT4R5Q,100,English,White/Caucasian,59,Male,White,Germany,Germany,Germany,German,No,Full-Time
65e0bfab6ff61588b2f8e941,5ed4f048f7b6fe02e0d9ffe3,APPROVED,Not Applicable,2024-02-29T17:32:36.155000Z,2024-02-29T17:40:31.511000Z,2024-03-01T09:14:48.998000Z,2024-02-29T17:40:32.060171Z,476.0,CBCT4R5Q,596,"English, French, German, Italian",Other (please feel free to let us know your ethnicity via email),62,Male,White,Italy,Italy,Italy,Italian,Yes,Full-Time
65e0c0666f69915641576db2,639762efb285e1d3b801de17,APPROVED,Not Applicable,2024-02-29T17:36:02.575000Z,2024-02-29T17:43:03.878000Z,2024-03-01T09:14:36.190000Z,2024-02-29T17:43:04.550848Z,422.0,CBCT4R5Q,129,English,White/Caucasian,52,Male,White,United Kingdom,United Kingdom,United Kingdom,English,DATA_EXPIRED,DATA_EXPIRED
65e0c066e0fc30052576566a,5e0b1a07de8da635317f521f,APPROVED,Not Applicable,2024-02-29T17:35:34.695000Z,2024-02-29T17:47:14.735000Z,2024-03-01T09:14:41.002000Z,2024-02-29T17:47:15.274472Z,701.0,CBCT4R5Q,738,"English, Spanish",White/Caucasian,51,Male,White,United Kingdom,Spain,United Kingdom,English,DATA_EXPIRED,DATA_EXPIRED
65e0c06b40e777303c238f26,5bc380f91073f200016ca62d,APPROVED,Not Applicable,2024-02-29T17:35:42.354000Z,2024-02-29T17:44:31.542000Z,2024-03-01T09:14:38.688000Z,2024-02-29T17:44:32.790198Z,530.0,CBCT4R5Q,457,"Polish, English",Middle Eastern,54,Male,White,Poland,Poland,Poland,Polish,No,Full-Time
65e0c09351d6e8e7d677271a,6478a3d537403513dc2b890f,APPROVED,Not Applicable,2024-02-29T17:36:31.083000Z,2024-02-29T17:46:09.847000Z,2024-03-01T09:14:35.097000Z,2024-02-29T17:46:10.703967Z,579.0,CBCT4R5Q,141,"Italian, English",White/Caucasian,56,Male,White,Italy,Italy,Italy,Italian,No,Full-Time
65e0c0b5249348fbca005c4d,645fb9c2ebb12bde48f78b28,APPROVED,Not Applicable,2024-02-29T17:37:02.331000Z,2024-02-29T17:45:35.114000Z,2024-03-01T09:14:31.876000Z,2024-02-29T17:45:35.683074Z,513.0,CBCT4R5Q,219,"English, Spanish",White/Caucasian,54,Male,White,United Kingdom,United Kingdom,United Kingdom,English,DATA_EXPIRED,DATA_EXPIRED
65e0c0cc6f69915641576de6,5f4cc54c57230502cd1ec6a5,APPROVED,Not Applicable,2024-02-29T17:37:25.003000Z,2024-02-29T17:50:21.898000Z,2024-03-01T09:14:30.486000Z,2024-02-29T17:50:22.494070Z,777.0,CBCT4R5Q,1589,English,White/Caucasian,52,Male,White,United Kingdom,United Kingdom,United Kingdom,English,No,Full-Time
65e0c113258375c6787663ad,5c1ed63210140800013f5ffb,APPROVED,Not Applicable,2024-02-29T17:38:30.762000Z,2024-02-29T17:46:00.792000Z,2024-03-01T09:14:27.556000Z,2024-02-29T17:46:01.339660Z,451.0,CBCT4R5Q,608,"Portuguese, English",White/Caucasian,47,Male,White,Portugal,Portugal,Portugal,Portuguese,No,Part-Time
65e0c115f53c676cc4766531,5b831eef87d85f0001bb7156,APPROVED,Not Applicable,2024-02-29T17:38:34.177000Z,2024-02-29T17:43:45.958000Z,2024-03-01T09:14:26.078000Z,2024-02-29T17:43:46.540470Z,312.0,CBCT4R5Q,414,"English, Tagalog-Filipino",Other (please feel free to let us know your ethnicity via email),46,Male,Asian,Philippines,Canada,Philippines,Tagalog-Filipino,No,Part-Time
65e0c11f320f52ea8f7a2590,60c9c994c019ca2e1836e7d7,APPROVED,Not Applicable,2024-02-29T17:38:39.196000Z,2024-02-29T18:00:09.801000Z,2024-03-01T09:14:24.218000Z,2024-02-29T18:00:11.544681Z,1291.0,CBCT4R5Q,382,English,Black/African American,55,Male,Black,South Africa,South Africa,South Africa,English,No,Full-Time
65e0c1314455a3a441f56135,5ef0eb65b242da18098cff78,APPROVED,Not Applicable,2024-02-29T17:39:06.789000Z,2024-02-29T17:51:29.225000Z,2024-03-01T09:14:21.565000Z,2024-02-29T17:51:30.060757Z,743.0,CBCT4R5Q,640,"English, Spanish",White Mexican,50,Male,Mixed,Canada,Mexico,Canada,English,No,DATA_EXPIRED
65e0c146785af02a5f071234,616ee0831e0f3d7e8e2a4cb1,APPROVED,Not Applicable,2024-02-29T17:39:18.764000Z,2024-02-29T17:52:44.765000Z,2024-03-01T09:14:18.775000Z,2024-02-29T17:52:45.357949Z,807.0,CBCT4R5Q,341,"Afrikaans, English",White/Caucasian,63,Male,White,South Africa,South Africa,South Africa,English,No,Other
65e0c1c78371556a9ec0d10b,56ab6fd869b24700065cbdbd,APPROVED,Not Applicable,2024-02-29T17:41:31.563000Z,2024-02-29T17:48:55.960000Z,2024-03-01T09:14:14.395000Z,2024-02-29T17:48:56.548463Z,445.0,CBCT4R5Q,2215,English,White/Caucasian,55,Male,White,United Kingdom,United Kingdom,United Kingdom,English,No,DATA_EXPIRED
65e0c1cdc3ffdb68035209df,5de57a5b1017854f8a4efca3,APPROVED,Not Applicable,2024-02-29T17:41:33.568000Z,2024-02-29T17:47:31.836000Z,2024-03-01T09:14:13.037000Z,2024-02-29T17:47:32.518963Z,359.0,CBCT4R5Q,1199,English,White/Caucasian,54,Male,White,United Kingdom,United Kingdom,United Kingdom,English,No,DATA_EXPIRED
65e0c1d9d6e1889eecf27bb4,5b490405bc06c90001f8d6a5,APPROVED,Not Applicable,2024-02-29T17:42:09.164000Z,2024-02-29T17:48:28.042000Z,2024-03-01T09:14:06.876000Z,2024-02-29T17:48:28.588630Z,379.0,CBCT4R5Q,1424,English,White/Caucasian,55,Male,White,United Kingdom,United Kingdom,United Kingdom,English,No,"Not in paid work (e.g. homemaker', 'retired or disabled)"
65e0c1e7b04863763f6e43c7,5d4927e399f83a00152bad4c,APPROVED,Not Applicable,2024-02-29T17:48:27.375000Z,2024-02-29T18:02:29.524000Z,2024-03-01T09:14:01.703000Z,2024-02-29T18:02:30.129666Z,843.0,CBCT4R5Q,1864,English,White/Caucasian,50,Male,White,United Kingdom,United Kingdom,United Kingdom,English,No,Other
65e0c1e99e220130361d2a32,5e3891a0ffe78b000a8a4124,APPROVED,Not Applicable,2024-02-29T17:42:01.675000Z,2024-02-29T17:53:31.432000Z,2024-03-01T09:14:11.456000Z,2024-02-29T17:53:32.141307Z,690.0,CBCT4R5Q,1727,English,White/Caucasian,56,Male,White,United Kingdom,United Kingdom,United Kingdom,English,Yes,Full-Time
65e0c3a0603ea3c24f641012,651c11304182690d4a93ef00,APPROVED,Not Applicable,2024-02-29T17:49:26.295000Z,2024-02-29T17:56:01.123000Z,2024-03-01T09:14:00.199000Z,2024-02-29T17:56:01.708580Z,395.0,CBCT4R5Q,242,English,White/Caucasian,62,Male,White,United Kingdom,United Kingdom,United Kingdom,English,No,"Not in paid work (e.g. homemaker', 'retired or disabled)"
65e0c3b1e66b29a08fb45839,63654d0e99f5b917e61dffac,APPROVED,Not Applicable,2024-02-29T17:49:37.594000Z,2024-02-29T18:00:39.351000Z,2024-03-01T09:13:58.907000Z,2024-02-29T18:00:40.140632Z,662.0,CBCT4R5Q,817,English,White/Caucasian,51,Male,White,United Kingdom,United Kingdom,United Kingdom,English,No,DATA_EXPIRED
65e0c3c01ef8144afdd4d589,647f99680ecd4f7712a8c8f9,APPROVED,Not Applicable,2024-02-29T17:49:58.715000Z,2024-02-29T18:02:17.491000Z,2024-03-01T09:13:50.097000Z,2024-02-29T18:02:18.212555Z,739.0,CBCT4R5Q,377,English,Black/British,52,Male,Black,United Kingdom,United Kingdom,United Kingdom,English,DATA_EXPIRED,DATA_EXPIRED
65e0c3c1e07ab5bcf7c97d7f,5bc0b1bb63cb210001cf55ba,APPROVED,Not Applicable,2024-02-29T17:49:53.931000Z,2024-02-29T17:55:57.407000Z,2024-03-01T09:13:53.012000Z,2024-02-29T17:55:58.036509Z,364.0,CBCT4R5Q,2721,English,White/Caucasian,55,Male,White,United Kingdom,United Kingdom,United Kingdom,English,No,"Not in paid work (e.g. homemaker', 'retired or disabled)"
65e0c3c585ee83fa8acc0662,5f3e93f29d16470d6b8928e0,APPROVED,Not Applicable,2024-02-29T17:50:11.975000Z,2024-02-29T18:08:38.604000Z,2024-03-01T09:13:47.998000Z,2024-02-29T18:08:39.105524Z,1107.0,CBCT4R5Q,336,English,White/Caucasian,54,Male,White,Ireland,Ireland,Ireland,English,No,Full-Time
65e0bdff54ec3de8914a387f,5ae6313e58af2400010a4a7d,APPROVED,Not Applicable,2024-02-29T17:25:23.066000Z,2024-02-29T17:46:17.359000Z,2024-03-01T09:13:37.963000Z,2024-02-29T17:46:18.088711Z,1255.0,CBCT4R5Q,646,"Catalan, English, Spanish",Latino/Hispanic,48,Female,White,Spain,Ireland,Spain,Spanish,DATA_EXPIRED,DATA_EXPIRED
65e0bebbd6e1889eecf27a29,577a930f7ba34c00010c8e5e,APPROVED,Not Applicable,2024-02-29T17:28:31.904000Z,2024-02-29T17:38:01.788000Z,2024-03-01T09:14:57.772000Z,2024-02-29T17:38:02.354546Z,570.0,CBCT4R5Q,1265,English,White/Caucasian,56,Female,White,United Kingdom,United Kingdom,United Kingdom,English,No,"Not in paid work (e.g. homemaker', 'retired or disabled)"
65e0bf196c5cd39ad2f70263,60bb477ae6c581833bcbf231,APPROVED,Not Applicable,2024-02-29T17:30:12.461000Z,2024-02-29T17:48:54.136000Z,2024-03-01T09:14:52.982000Z,2024-02-29T17:48:54.597855Z,1122.0,CBCT4R5Q,130,"English, Afrikaans",African,51,Female,Black,South Africa,South Africa,South Africa,English,No,Full-Time
65e0bf87a898b986d7a205d1,5dac180a79d2ea00160034a3,APPROVED,Not Applicable,2024-02-29T17:31:57.086000Z,2024-02-29T17:47:58.469000Z,2024-03-01T09:14:50.519000Z,2024-02-29T17:47:59.568999Z,962.0,CBCT4R5Q,532,"English, Italian",White/Caucasian,56,Female,White,Italy,Italy,Italy,Italian,No,Full-Time
65e0bfcc51d6e8e7d67726c5,6130d9dc1ffddcec1e925b4b,APPROVED,Not Applicable,2024-02-29T17:33:35.626000Z,2024-02-29T17:54:06.718000Z,2024-03-01T09:14:47.626000Z,2024-02-29T17:54:07.368271Z,1232.0,CBCT4R5Q,312,English,African,54,Female,Black,Nigeria,South Africa,Nigeria,English,Yes,DATA_EXPIRED
65e0c04d227ac29d069ef388,5984e46fc0334000018fdbbb,APPROVED,Not Applicable,2024-02-29T17:35:16.695000Z,2024-02-29T17:43:39.046000Z,2024-03-01T09:14:46.074000Z,2024-02-29T17:43:39.605164Z,503.0,CBCT4R5Q,443,English,White/Caucasian,51,Female,White,United Kingdom,United Kingdom,United Kingdom,English,No,Part-Time
65e0c05d8147f8f2e8dd8567,59f3169dbe3f2d0001845a40,APPROVED,Not Applicable,2024-02-29T17:35:25.854000Z,2024-02-29T17:44:08.357000Z,2024-03-01T09:14:44.524000Z,2024-02-29T17:44:09.088153Z,523.0,CBCT4R5Q,279,"Spanish, Galician, English",Latino/Hispanic,55,Female,Other,Spain,Spain,Spain,English,No,Full-Time
65e0c05fe0fc300525765660,63f12394a92cffe148daeb12,APPROVED,Not Applicable,2024-02-29T17:35:34.294000Z,2024-02-29T17:43:57.120000Z,2024-03-01T09:14:42.502000Z,2024-02-29T17:43:57.743876Z,503.0,CBCT4R5Q,522,English,White/Caucasian,61,Female,White,United Kingdom,United Kingdom,United Kingdom,English,DATA_EXPIRED,Part-Time
65e0c073c85f12ce60f217a6,57986e66275be6000135a582,APPROVED,Not Applicable,2024-02-29T17:35:59.040000Z,2024-02-29T17:48:16.783000Z,2024-03-01T09:14:37.311000Z,2024-02-29T17:48:17.539548Z,738.0,CBCT4R5Q,820,"English, Spanish, Italian",Mixed,59,Female,Mixed,Italy,Italy,Italy,Spanish,No,Other
65e0c0ad10cd3b31d44e3a03,64343f92be9423472a3b6bb6,APPROVED,Not Applicable,2024-02-29T17:36:53.896000Z,2024-02-29T17:47:54.456000Z,2024-03-01T09:14:33.315000Z,2024-02-29T17:47:55.025646Z,661.0,CBCT4R5Q,136,English,White/Caucasian,54,Female,White,United Kingdom,United Kingdom,United Kingdom,English,No,Part-Time
65e0c11632aa315ff7c7c9d0,64f88a2d085c13dabd8327d2,APPROVED,Not Applicable,2024-02-29T17:38:30.619000Z,2024-02-29T17:48:04.793000Z,2024-03-01T09:14:29Z,2024-02-29T17:48:05.415005Z,575.0,CBCT4R5Q,137,"English, French, Spanish",White/Caucasian,56,Female,White,Spain,Spain,Spain,Spanish,No,Full-Time
65e0c12bac160397a4965bac,62b23b38a31127d7cdd000f4,APPROVED,Not Applicable,2024-02-29T17:38:57.760000Z,2024-02-29T17:48:28.467000Z,2024-03-01T09:14:22.831000Z,2024-02-29T17:48:29.051054Z,571.0,CBCT4R5Q,501,English,White/Caucasian,56,Female,White,United Kingdom,United Kingdom,United Kingdom,English,No,Full-Time
65e0c13b31dd89ed5310fb1a,5e431e754bddb5000b1877fb,APPROVED,Not Applicable,2024-02-29T17:39:07.878000Z,2024-02-29T17:55:42.577000Z,2024-03-01T09:14:20.049000Z,2024-02-29T17:55:43.154446Z,995.0,CBCT4R5Q,616,"Serbian, Croatian, Dutch, English",White/Caucasian,47,Female,White,Serbia,Netherlands,Netherlands,Serbian,No,Unemployed (and job seeking)
65e0c140041bf60522a69807,5e792d23c826500d4c0ccec0,APPROVED,Not Applicable,2024-02-29T17:40:57.347000Z,2024-02-29T17:49:29.706000Z,2024-03-01T09:14:16.005000Z,2024-02-29T17:49:30.412188Z,513.0,CBCT4R5Q,446,"English, Spanish",Latino/Hispanic,53,Female,White,Mexico,Mexico,Mexico,Spanish,DATA_EXPIRED,Full-Time
65e0c152e66b29a08fb45700,60dbd9e4f38631ec3581c746,APPROVED,Not Applicable,2024-02-29T17:39:44.443000Z,2024-02-29T17:47:13.527000Z,2024-03-01T09:14:17.377000Z,2024-02-29T17:47:14.071985Z,450.0,CBCT4R5Q,669,"English, Serbian, Spanish",White/Caucasian,51,Female,White,Serbia,Spain,Spain,Serbian,No,Full-Time
65e0c1e29e220130361d2a2f,5fb7ede2a2e58b4413cadee4,APPROVED,Not Applicable,2024-02-29T17:42:06.342000Z,2024-02-29T17:47:51.512000Z,2024-03-01T09:14:08.526000Z,2024-02-29T17:47:52.201108Z,346.0,CBCT4R5Q,323,English,White/Caucasian,49,Female,White,United Kingdom,United Kingdom,United Kingdom,English,No,Part-Time
65e0c1ea28a8488c7f7acfe6,596c8dce12209100018745de,APPROVED,Not Applicable,2024-02-29T17:42:05.729000Z,2024-02-29T17:54:14.640000Z,2024-03-01T09:14:09.864000Z,2024-02-29T17:54:15.304505Z,729.0,CBCT4R5Q,949,English,White/Caucasian,52,Female,White,United Kingdom,United Kingdom,United Kingdom,English,DATA_EXPIRED,DATA_EXPIRED
65e0c1faf886849136294e7a,5f7b3e3d831aa60b4c16d6d7,APPROVED,Not Applicable,2024-02-29T17:42:23.020000Z,2024-02-29T17:52:34.588000Z,2024-03-01T09:14:05.434000Z,2024-02-29T17:52:35.160467Z,612.0,CBCT4R5Q,1444,English,White/Caucasian,64,Female,White,United Kingdom,United Kingdom,United Kingdom,English,No,"Not in paid work (e.g. homemaker', 'retired or disabled)"
65e0c227c6ecbda928d569d1,5f070ba7da774e0534090fac,APPROVED,Not Applicable,2024-02-29T17:43:03.417000Z,2024-02-29T17:49:41.325000Z,2024-03-01T09:14:03.541000Z,2024-02-29T17:49:41.914802Z,398.0,CBCT4R5Q,274,"Afrikaans, English",White/Caucasian,49,Female,White,United Kingdom,South Africa,United Kingdom,English,No,Full-Time
65e0c3ae6b7883dde7f218da,5e962d199cbd880ad1045c38,APPROVED,Not Applicable,2024-02-29T17:49:43.330000Z,2024-02-29T18:03:58.754000Z,2024-03-01T09:13:57.221000Z,2024-02-29T18:03:59.303160Z,856.0,CBCT4R5Q,152,English,White/Caucasian,53,Female,White,United Kingdom,United Kingdom,United Kingdom,English,No,"Not in paid work (e.g. homemaker', 'retired or disabled)"
65e0c3b18dcd3516a2775742,5f1ad7e4a2267b07b14a0611,APPROVED,Not Applicable,2024-02-29T17:49:43.330000Z,2024-02-29T18:03:46.813000Z,2024-03-01T09:13:55.854000Z,2024-02-29T18:03:47.324499Z,844.0,CBCT4R5Q,743,English,White/Caucasian,48,Female,White,United Kingdom,United Kingdom,United Kingdom,English,Yes,Full-Time
65e0c3b94ddb3248b4cb2458,5d53d043e36afb001ae105e9,APPROVED,Not Applicable,2024-02-29T17:49:47.812000Z,2024-02-29T17:56:45.726000Z,2024-03-01T09:13:54.304000Z,2024-02-29T17:56:46.315623Z,418.0,CBCT4R5Q,1171,English,White/Caucasian,49,Female,White,United Kingdom,United Kingdom,United Kingdom,English,DATA_EXPIRED,DATA_EXPIRED
65e0c3be146bc2b72e681316,56b48befb2de2a000b322754,APPROVED,Not Applicable,2024-02-29T17:49:54.437000Z,2024-02-29T17:56:37.219000Z,2024-03-01T09:13:51.733000Z,2024-02-29T17:56:37.799204Z,403.0,CBCT4R5Q,1544,English,White/Caucasian,56,Female,White,United Kingdom,United Kingdom,United Kingdom,English,No,DATA_EXPIRED
65e0c3c012e2403cf7af4faf,59c7290e0aaf750001213c97,APPROVED,Not Applicable,2024-02-29T17:51:31.170000Z,2024-02-29T18:02:13.361000Z,2024-03-01T09:13:45.887000Z,2024-02-29T18:02:14.009594Z,643.0,CBCT4R5Q,1508,English,White/Caucasian,64,Female,White,United Kingdom,United Kingdom,United Kingdom,English,No,"Not in paid work (e.g. homemaker', 'retired or disabled)"
65e0d0c2316b819ca95cd978,5cb4f4ec46ed130001d15b05,APPROVED,Not Applicable,2024-02-29T18:45:38.632000Z,2024-02-29T18:55:23.564000Z,2024-03-01T09:13:44.293000Z,2024-02-29T18:55:24.536674Z,585.0,CBCT4R5Q,1669,English,White/Caucasian,56,Female,White,United Kingdom,United Kingdom,United Kingdom,English,No,Part-Time
65e0aeb94b724660ac04309a,5e2da1bd8844873931bf6908,APPROVED,Not Applicable,2024-02-29T16:20:09.754000Z,2024-02-29T16:24:59.065000Z,2024-03-01T09:12:04.517000Z,2024-02-29T16:24:59.569910Z,290.0,CBCT4R5Q,232,"Farsi, English, Italian",Middle Eastern,30,Male,White,Iran,Italy,Iran,Farsi,No,DATA_EXPIRED
65e0aed71b0d6d43a4034786,60e814cdc67764f80eb9ab86,APPROVED,Not Applicable,2024-02-29T16:20:43.386000Z,2024-02-29T16:27:26.077000Z,2024-03-01T09:12:09.579000Z,2024-02-29T16:27:26.691463Z,403.0,CBCT4R5Q,229,"Portuguese, English",White/Caucasian,45,Male,White,Portugal,Portugal,Portugal,Portuguese,No,Full-Time
65e0aedba19df181be40ae6d,554bfda7fdf99b14da73ce54,APPROVED,Not Applicable,2024-02-29T16:20:43.914000Z,2024-02-29T16:25:04.992000Z,2024-03-01T09:12:11.089000Z,2024-02-29T16:25:05.593338Z,262.0,CBCT4R5Q,1049,English,White/Caucasian,26,Male,White,United Kingdom,United Kingdom,United Kingdom,English,No,Full-Time
65e0aee2b19913605164f7ac,64528b2eab91e42afd72c9c6,APPROVED,Not Applicable,2024-02-29T16:20:55.074000Z,2024-02-29T16:28:19.100000Z,2024-03-01T09:12:16.627000Z,2024-02-29T16:28:19.918609Z,445.0,CBCT4R5Q,119,English,White/Caucasian,29,Male,White,Germany,Germany,Germany,German,No,Full-Time
65e0afdec6dead794bd3ffec,5a945d966475f900019fac27,APPROVED,Not Applicable,2024-02-29T16:32:23.002000Z,2024-02-29T16:44:49.071000Z,2024-03-01T09:12:38.107000Z,2024-02-29T16:44:50.506879Z,747.0,CBCT4R5Q,614,"English, Hungarian",White/Caucasian,30,Male,White,Hungary,Hungary,Hungary,Hungarian,Yes,Part-Time
65e0afe1840e7e4bab3df1fe,61324459277ad7b87bcf3839,APPROVED,Not Applicable,2024-02-29T16:25:10.152000Z,2024-02-29T16:32:45.821000Z,2024-03-01T09:12:17.929000Z,2024-02-29T16:32:46.420350Z,456.0,CBCT4R5Q,216,"English, Portuguese",Latino/Hispanic,28,Male,Mixed,Brazil,Hungary,Brazil,Portuguese,DATA_EXPIRED,DATA_EXPIRED
65e0afe54e9548299c837f9c,558fa9dffdf99b7ce2924662,APPROVED,Not Applicable,2024-02-29T16:26:28.099000Z,2024-02-29T16:35:16.233000Z,2024-03-01T09:12:32.664000Z,2024-02-29T16:35:17.428255Z,529.0,CBCT4R5Q,884,"English, Hindi",South Asian,37,Male,Asian,India,India,India,English,No,Full-Time
65e0afe795948ac64d7bdc6f,615eaaf99d191e2bc495b80d,APPROVED,Not Applicable,2024-02-29T16:25:16.825000Z,2024-02-29T16:33:03.323000Z,2024-03-01T09:12:26.746000Z,2024-02-29T16:33:04.227611Z,467.0,CBCT4R5Q,501,English,African,27,Male,Black,South Africa,South Africa,South Africa,English,No,Unemployed (and job seeking)
65e0afebdcaf1f577e661232,647b5ca499373a63197a60a2,APPROVED,Not Applicable,2024-02-29T16:25:26.713000Z,2024-02-29T16:33:06.927000Z,2024-03-01T09:12:31.179000Z,2024-02-29T16:33:07.541681Z,461.0,CBCT4R5Q,113,"English, Portuguese",Latino/Hispanic,31,Male,White,Brazil,Portugal,Portugal,Portuguese,No,Part-Time
65e0b19828b142cde8a1385e,5e21ee5cc7fe654d13c3f1dc,APPROVED,Not Applicable,2024-02-29T16:32:24.657000Z,2024-02-29T16:41:42.151000Z,2024-03-01T09:12:39.480000Z,2024-02-29T16:41:42.717118Z,558.0,CBCT4R5Q,104,English,Middle Eastern,35,Male,White,Turkey,Portugal,Turkey,English,No,Full-Time
65e0b19dc3c9c4b566c3ab4e,5e8346cef38186069077abef,APPROVED,Not Applicable,2024-02-29T16:32:29.672000Z,2024-02-29T17:20:44.457000Z,2024-03-01T09:12:40.877000Z,2024-02-29T17:20:45.356395Z,2895.0,CBCT4R5Q,433,"English, Italian",White/Caucasian,32,Male,White,Italy,Italy,Italy,Italian,DATA_EXPIRED,DATA_EXPIRED
65e0b19e651c0be829e973bc,5fc97909520cd94a49b6b870,APPROVED,Not Applicable,2024-02-29T16:32:37.993000Z,2024-02-29T16:43:56.119000Z,2024-03-01T09:12:46.869000Z,2024-02-29T16:43:57.117345Z,679.0,CBCT4R5Q,1180,English,White/Caucasian,43,Male,White,Canada,Canada,Canada,English,No,Full-Time
65e0b19fceb8d92a431cfe41,6148bfc30aaff83ef4e878b1,APPROVED,Not Applicable,2024-02-29T16:32:31.661000Z,2024-02-29T16:47:27.607000Z,2024-03-01T09:12:43.925000Z,2024-02-29T16:47:28.169362Z,896.0,CBCT4R5Q,554,"English, Portuguese",White/Caucasian,36,Male,White,Portugal,Portugal,Portugal,Portuguese,No,Other
65e0b19f6bd1b154ebab93d1,5cd7e678df739100011b1839,APPROVED,Not Applicable,2024-02-29T16:35:13.556000Z,2024-02-29T16:54:35.725000Z,2024-03-01T09:12:53.444000Z,2024-02-29T16:54:36.247729Z,1163.0,CBCT4R5Q,989,"English, German, Polish",White/Caucasian,36,Male,White,Poland,Poland,Poland,DATA_EXPIRED,DATA_EXPIRED,Full-Time
65e0b34fba03719fc4b78a76,615b20797df87e1bdb2bca91,APPROVED,Not Applicable,2024-02-29T16:40:56.578000Z,2024-02-29T16:50:05.477000Z,2024-03-01T09:13:10.157000Z,2024-02-29T16:50:05.943230Z,549.0,CBCT4R5Q,231,"English, Italian",Mixed,27,Male,Other,Italy,Italy,Italy,Italian,No,Part-Time
65e0b3515f04affd4fac06b6,5a8068eb000dab00018c6fb6,APPROVED,Not Applicable,2024-02-29T16:39:45.976000Z,2024-02-29T16:47:44.293000Z,2024-03-01T09:12:56.624000Z,2024-02-29T16:47:44.985160Z,479.0,CBCT4R5Q,1305,"English, Chinese",East Asian,40,Male,Asian,Hong Kong,Canada,Canada,Chinese,No,Full-Time
65e0b352dcaf1f577e6613bc,5b8f9a9d8830c60001dc3aee,APPROVED,Not Applicable,2024-02-29T16:40:03.287000Z,2024-02-29T16:46:59.749000Z,2024-03-01T09:13:03.694000Z,2024-02-29T16:47:00.309302Z,417.0,CBCT4R5Q,591,"Russian, English",Middle Eastern,33,Male,White,Poland,Poland,Poland,Polish,No,Full-Time
65e0b3568d61948fee840a76,5e918b7bf9c9d14abca01622,APPROVED,Not Applicable,2024-02-29T16:39:50.052000Z,2024-02-29T16:50:00.104000Z,2024-03-01T09:12:59.217000Z,2024-02-29T16:50:00.669317Z,611.0,CBCT4R5Q,534,"English, Polish",White/Caucasian,31,Male,White,Poland,Poland,Poland,Polish,No,Full-Time
65e0b35623947e18e8901828,5b031e450a56660001284e2c,APPROVED,Not Applicable,2024-02-29T16:40:18.217000Z,2024-02-29T16:48:23.087000Z,2024-03-01T09:13:06.940000Z,2024-02-29T16:48:23.631505Z,485.0,CBCT4R5Q,1800,English,White/Caucasian,36,Male,White,United Kingdom,United Kingdom,United Kingdom,English,No,DATA_EXPIRED
65e0b50db8b6dde1b15071ef,5fc0d12ee844ed0b32c5d4d8,APPROVED,Not Applicable,2024-02-29T16:47:09.618000Z,2024-02-29T16:54:22.766000Z,2024-03-01T09:13:11.487000Z,2024-02-29T16:54:23.270168Z,434.0,CBCT4R5Q,725,"English, Greek",White/Caucasian,29,Male,White,Greece,Greece,Greece,Greek,No,Full-Time
65e0b51070030d1b7e4387a6,61485f76df23cff8e725f6eb,APPROVED,Not Applicable,2024-02-29T16:47:12.962000Z,2024-02-29T16:55:50.306000Z,2024-03-01T09:13:12.871000Z,2024-02-29T16:55:50.920415Z,518.0,CBCT4R5Q,270,"Italian, English, Spanish, French",White/Caucasian,26,Male,White,Italy,Italy,Italy,Italian,Yes,Other
65e0b51129cc7bcbb6e227ac,5bf9157e8e9c9d000109f674,APPROVED,Not Applicable,2024-02-29T16:47:16.441000Z,2024-02-29T16:59:15.833000Z,2024-03-01T09:13:17.787000Z,2024-02-29T16:59:16.365218Z,720.0,CBCT4R5Q,369,"English, Latvian, Russian",White/Caucasian,28,Male,White,Latvia,Latvia,Latvia,Latvian,No,Full-Time
65e0b51367d642d0bc4c99bf,5ec6d054e1f1a71078cfbcda,APPROVED,Not Applicable,2024-02-29T16:47:14.996000Z,2024-02-29T16:54:58.434000Z,2024-03-01T09:13:15.590000Z,2024-02-29T16:54:59.038366Z,464.0,CBCT4R5Q,1940,English,White/Caucasian,40,Male,White,United Kingdom,United Kingdom,United Kingdom,English,No,"Not in paid work (e.g. homemaker', 'retired or disabled)"
65e0adcedb762a97bf9f2c66,5ed3b5af5f100534dd6e4062,APPROVED,Not Applicable,2024-02-29T16:16:20.335000Z,2024-02-29T16:25:21.464000Z,2024-03-01T09:12:01.259000Z,2024-02-29T16:25:22.381549Z,542.0,CBCT4R5Q,162,English,White/Caucasian,26,Female,White,United Kingdom,United Kingdom,United Kingdom,English,No,Full-Time
65e0ae99c8c94fe0f0555384,5b96be57d193e30001b3c5e6,APPROVED,Not Applicable,2024-02-29T16:19:41.170000Z,2024-02-29T16:26:06.291000Z,2024-03-01T09:12:03.108000Z,2024-02-29T16:26:06.982084Z,386.0,CBCT4R5Q,437,English,White/Caucasian,26,Female,White,United Kingdom,United Kingdom,United Kingdom,English,No,Full-Time
65e0aebc764e2ffeccd6a87d,6310b43bd9f974e46765836b,APPROVED,Not Applicable,2024-02-29T16:20:18.249000Z,2024-02-29T16:29:08.144000Z,2024-03-01T09:12:05.972000Z,2024-02-29T16:29:08.818233Z,530.0,CBCT4R5Q,228,English,White/Caucasian,39,Female,White,Ukraine,Germany,Ukraine,Russian,No,Unemployed (and job seeking)
65e0aebc8907a13f9d3deedf,615722c4f1f9c39cd089c717,APPROVED,Not Applicable,2024-02-29T16:20:44.583000Z,2024-02-29T16:40:59.197000Z,2024-03-01T09:12:12.954000Z,2024-02-29T16:40:59.714363Z,1215.0,CBCT4R5Q,208,English,African,33,Female,Black,South Africa,South Africa,South Africa,English,Yes,Full-Time
65e0aebe8bdf2d304effd559,60a6c3c07faa496010254d09,APPROVED,Not Applicable,2024-02-29T16:20:25.273000Z,2024-02-29T16:29:30.296000Z,2024-03-01T09:12:07.951000Z,2024-02-29T16:29:30.820864Z,546.0,CBCT4R5Q,158,"English, Other",African,32,Female,Black,South Africa,South Africa,South Africa,English,No,Full-Time
65e0afda54fb2bf27e8cc83c,6124f67729bcb1b5c69b3053,APPROVED,Not Applicable,2024-02-29T16:26:32.962000Z,2024-02-29T16:31:55.115000Z,2024-03-01T09:12:36.705000Z,2024-02-29T16:31:56.048262Z,323.0,CBCT4R5Q,269,"English, German, Hungarian",White/Caucasian,33,Female,White,Hungary,Germany,Germany,Hungarian,No,Part-Time
65e0afe7d488841e43c01deb,615ab6108d1595700cd36241,APPROVED,Not Applicable,2024-02-29T16:25:15.896000Z,2024-02-29T16:31:01.087000Z,2024-03-01T09:12:25.316000Z,2024-02-29T16:31:01.738164Z,346.0,CBCT4R5Q,262,English,White/Caucasian,38,Female,White,United Kingdom,United Kingdom,United Kingdom,English,No,Part-Time
65e0afead1efeca72ae8455f,5ebe7c0b9578b7057109a435,APPROVED,Not Applicable,2024-02-29T16:25:14.668000Z,2024-02-29T16:35:41.740000Z,2024-03-01T09:12:23.021000Z,2024-02-29T16:35:42.280377Z,628.0,CBCT4R5Q,808,"Croatian, English, Italian, Serbian",White/Caucasian,38,Female,White,Slovenia,Italy,Italy,Italian,DATA_EXPIRED,DATA_EXPIRED
65e0afec7bbcf812cc6ca37f,5c7c3a866fa756000182443e,APPROVED,Not Applicable,2024-02-29T16:25:19.386000Z,2024-02-29T16:33:49.921000Z,2024-03-01T09:12:28.951000Z,2024-02-29T16:33:50.521673Z,511.0,CBCT4R5Q,909,"English, Portuguese",White/Caucasian,28,Female,White,Portugal,Portugal,Portugal,Portuguese,No,Full-Time
65e0b19b738a8cf82fe6c4d6,611e2078cadc8161a119af67,APPROVED,Not Applicable,2024-02-29T16:34:06.954000Z,2024-02-29T16:49:04.187000Z,2024-03-01T09:12:51.676000Z,2024-02-29T16:49:04.921619Z,898.0,CBCT4R5Q,667,English,African,26,Female,Black,South Africa,South Africa,South Africa,English,No,Full-Time
65e0b19d6148281305cbacc7,5b5fdd52b36c3400014718b9,APPROVED,Not Applicable,2024-02-29T16:32:43.899000Z,2024-02-29T16:44:34.669000Z,2024-03-01T09:12:48.442000Z,2024-02-29T16:44:35.204093Z,711.0,CBCT4R5Q,364,"English, Spanish",Latino/Hispanic,27,Female,White,Mexico,Mexico,Mexico,Spanish,No,Unemployed (and job seeking)
65e0b19eb19913605164f8cf,5c7eb70d73dbca00011650b4,APPROVED,Not Applicable,2024-02-29T16:32:30.433000Z,2024-02-29T16:44:11.355000Z,2024-03-01T09:12:42.258000Z,2024-02-29T16:44:11.952929Z,701.0,CBCT4R5Q,452,"English, Portuguese, Spanish",Latino/Hispanic,30,Female,Mixed,Brazil,Portugal,Brazil,Portuguese,No,Other
65e0b19e4e9548299c838046,6143bbc4daab169ed298722c,APPROVED,Not Applicable,2024-02-29T16:32:44.551000Z,2024-02-29T16:43:29.527000Z,2024-03-01T09:12:49.678000Z,2024-02-29T16:43:30.099904Z,645.0,CBCT4R5Q,539,"English, Hindi",South East Asian,28,Female,Asian,South Africa,South Africa,South Africa,English,No,Full-Time
65e0b19fdaab8b3e3db17805,608d5c3d033ac9b6f0c7cfa4,APPROVED,Not Applicable,2024-02-29T16:32:36.259000Z,2024-02-29T16:41:50.279000Z,2024-03-01T09:12:45.273000Z,2024-02-29T16:41:51.556811Z,555.0,CBCT4R5Q,315,"Spanish, English",Latino/Hispanic,26,Female,Other,Argentina,Finland,Argentina,Spanish,Yes,"Not in paid work (e.g. homemaker', 'retired or disabled)"
65e0b27e090de49e39be4bd7,5f2ada1948d8b13d5da4dfb2,APPROVED,Not Applicable,2024-02-29T16:36:17.633000Z,2024-02-29T16:46:00.087000Z,2024-03-01T09:12:55.038000Z,2024-02-29T16:46:00.647552Z,583.0,CBCT4R5Q,532,"English, Hindi",South Asian,29,Female,Asian,United Kingdom,United Kingdom,United Kingdom,Hindi,DATA_EXPIRED,DATA_EXPIRED
65e0b3548a5b821d06ffd74e,61070764aa95fd53ab16bc34,APPROVED,Not Applicable,2024-02-29T16:39:48.840000Z,2024-02-29T17:10:29.259000Z,2024-03-01T09:12:57.902000Z,2024-02-29T17:10:29.820215Z,1841.0,CBCT4R5Q,303,"English, Polish, Russian",White/Caucasian,28,Female,White,Russian Federation,Poland,Poland,Russian,Yes,Full-Time
65e0b3593a1ccad49f40afce,6126d63a924ff381a266f5ac,APPROVED,Not Applicable,2024-02-29T16:40:23.040000Z,2024-02-29T16:53:33.790000Z,2024-03-01T09:13:08.466000Z,2024-02-29T16:53:34.406772Z,791.0,CBCT4R5Q,273,English,African,28,Female,Black,South Africa,South Africa,South Africa,English,DATA_EXPIRED,DATA_EXPIRED
65e0b3594e6899d8a9fa9ee4,59fc8aba087f2e0001ead671,APPROVED,Not Applicable,2024-02-29T16:39:53.904000Z,2024-02-29T16:54:53.019000Z,2024-03-01T09:13:00.759000Z,2024-02-29T16:54:53.703182Z,900.0,CBCT4R5Q,775,English,White/Caucasian,44,Female,White,Ireland,Ireland,Ireland,English,No,Full-Time
65e0b35ac11492c5b22e9822,5f33dbdc69a25921fdf3850d,APPROVED,Not Applicable,2024-02-29T16:40:00.518000Z,2024-02-29T16:50:54.031000Z,2024-03-01T09:13:02.289000Z,2024-02-29T16:50:54.651861Z,654.0,CBCT4R5Q,420,"English, Farsi, French",Middle Eastern,41,Female,White,Iran,Canada,Canada,Farsi,No,DATA_EXPIRED
65e0b35e6e06a4b4bfa64a40,599f9e6ebfd73c00010ea2ce,APPROVED,Not Applicable,2024-02-29T16:40:09.368000Z,2024-02-29T16:48:00.614000Z,2024-03-01T09:13:05.084000Z,2024-02-29T16:48:01.148015Z,472.0,CBCT4R5Q,209,"English, French, Spanish",Latino/Hispanic,32,Female,Other,Mexico,Mexico,Mexico,Spanish,Yes,Part-Time
65e0b50cb8da944f55524e11,611d3361e7b4edd2d89ff3c3,APPROVED,Not Applicable,2024-02-29T16:47:14.339000Z,2024-02-29T17:09:47.392000Z,2024-03-01T09:13:14.329000Z,2024-02-29T17:09:47.941264Z,1354.0,CBCT4R5Q,618,English,African,37,Female,Black,South Africa,South Africa,South Africa,English,Yes,Full-Time
65e0b5116e110e3af66231ff,5f823478cab272361106d26a,APPROVED,Not Applicable,2024-02-29T16:47:17.694000Z,2024-02-29T16:52:25.918000Z,2024-03-01T09:13:21.446000Z,2024-02-29T16:52:26.442869Z,309.0,CBCT4R5Q,199,"English, Portuguese",White/Caucasian,34,Female,White,Portugal,Portugal,Portugal,Portuguese,No,Full-Time
65e0b51115cd9ed31014f8f1,5f0633361308dd16f7f4039c,APPROVED,Not Applicable,2024-02-29T16:47:45.098000Z,2024-02-29T16:53:13.263000Z,2024-03-01T09:13:25.853000Z,2024-02-29T16:53:13.744472Z,329.0,CBCT4R5Q,612,"Danish, English, French, Spanish",White/Caucasian,29,Female,White,France,Ireland,France,French,No,Full-Time
65e0b5151a7441f06e0ce58a,6531312fd57d084e7803df3b,APPROVED,Not Applicable,2024-02-29T16:47:17.295000Z,2024-02-29T16:56:38.924000Z,2024-03-01T09:13:19.482000Z,2024-02-29T16:56:39.473745Z,562.0,CBCT4R5Q,270,English,White/Caucasian,43,Female,White,United Kingdom,United Kingdom,United Kingdom,English,No,Full-Time
65e0b5156338ae6e34725553,5e04595a4fa02aefdb9c9ced,APPROVED,Not Applicable,2024-02-29T16:47:27.828000Z,2024-02-29T16:54:26.378000Z,2024-03-01T09:13:24.200000Z,2024-02-29T16:54:26.982414Z,419.0,CBCT4R5Q,963,"Polish, English",White/Caucasian,29,Female,White,Poland,Poland,Poland,Polish,No,Full-Time
65e0d6d56d9a9a594dbf2cf0,5f90632f36d7b010513bc198,APPROVED,Not Applicable,2024-02-29T19:11:30.050000Z,2024-02-29T19:21:38.027000Z,2024-03-01T09:16:11.188000Z,2024-02-29T19:21:38.702458Z,608.0,CBCT4R5Q,1291,English,White/Caucasian,70,Male,White,United Kingdom,United Kingdom,United Kingdom,English,No,"Not in paid work (e.g. homemaker', 'retired or disabled)"
65e0d71c1db39b05bb2b3fcd,627e7906b82dabdbe672cdd1,APPROVED,Not Applicable,2024-02-29T19:12:34.324000Z,2024-02-29T19:24:10.021000Z,2024-03-01T09:16:09.509000Z,2024-02-29T19:24:10.683867Z,696.0,CBCT4R5Q,686,"English, Danish, German",White/Caucasian,68,Male,White,Germany,Germany,Germany,German,DATA_EXPIRED,DATA_EXPIRED
65e0d7f0701c18c20380b0cb,5da9633472811e0014ed4256,APPROVED,Not Applicable,2024-02-29T19:16:30.150000Z,2024-02-29T19:33:56.606000Z,2024-03-01T09:16:06.490000Z,2024-02-29T19:33:57.161515Z,1047.0,CBCT4R5Q,1297,English,White/Caucasian,69,Male,White,United Kingdom,United Kingdom,United Kingdom,English,No,"Not in paid work (e.g. homemaker', 'retired or disabled)"
65e0d80be550f18ce753bb06,5e86c11942701c2ffda5d113,APPROVED,Not Applicable,2024-02-29T19:16:27.612000Z,2024-02-29T19:57:40.969000Z,2024-03-01T09:16:08.096000Z,2024-02-29T19:57:41.881988Z,2474.0,CBCT4R5Q,1106,English,White/Caucasian,70,Male,White,Canada,Canada,Canada,English,No,Part-Time
65e0d8b4316b819ca95cdd6a,5ea19c748809ad05af2d33d1,APPROVED,Not Applicable,2024-02-29T19:19:24.268000Z,2024-02-29T19:31:10.914000Z,2024-03-01T09:16:05.147000Z,2024-02-29T19:31:11.680468Z,707.0,CBCT4R5Q,599,English,White/Caucasian,66,Male,White,United Kingdom,United Kingdom,United Kingdom,English,No,"Not in paid work (e.g. homemaker', 'retired or disabled)"
65e0da45cdd41adf60881d8a,5ea07c4aee594a044a857d77,APPROVED,Not Applicable,2024-02-29T19:26:02.735000Z,2024-02-29T19:40:28.246000Z,2024-03-01T09:15:57.679000Z,2024-02-29T19:40:29.189598Z,866.0,CBCT4R5Q,784,English,White/Caucasian,73,Male,White,United Kingdom,United Kingdom,United Kingdom,English,No,Full-Time
65e0da68d7e32ca69da318ae,622a29743b7c0ca5eee56e24,APPROVED,Not Applicable,2024-02-29T19:26:36.690000Z,2024-02-29T19:35:17.238000Z,2024-03-01T09:15:54.861000Z,2024-02-29T19:35:17.733908Z,521.0,CBCT4R5Q,923,English,White/Caucasian,69,Male,White,United Kingdom,United Kingdom,United Kingdom,English,DATA_EXPIRED,DATA_EXPIRED
65e0daa96cb73d1b0f3176cb,5ad4dfa25451e9000143fec1,APPROVED,Not Applicable,2024-02-29T19:27:39.880000Z,2024-02-29T19:38:33.945000Z,2024-03-01T09:15:53.294000Z,2024-02-29T19:38:34.410635Z,655.0,CBCT4R5Q,1842,English,White/Caucasian,66,Male,White,United Kingdom,United Kingdom,United Kingdom,English,No,Full-Time
65e0dafa578a8f814e77bc9e,652f102802f99197634d599a,APPROVED,Not Applicable,2024-02-29T19:29:15.884000Z,2024-02-29T19:37:55.709000Z,2024-03-01T09:15:49.599000Z,2024-02-29T19:37:56.176239Z,520.0,CBCT4R5Q,169,English,White/Caucasian,65,Male,White,United Kingdom,United Kingdom,United Kingdom,English,No,Part-Time
65e0dafbd0d8d06b822b887f,5c8ee6c36ca70b0001fe979d,APPROVED,Not Applicable,2024-02-29T19:28:59.322000Z,2024-02-29T19:39:23.041000Z,2024-03-01T09:15:51.553000Z,2024-02-29T19:39:23.602710Z,624.0,CBCT4R5Q,1195,English,White/Caucasian,66,Male,White,Canada,Canada,Canada,English,No,"Not in paid work (e.g. homemaker', 'retired or disabled)"
65e0e906a1390cc033086f14,5b7f28ee4570a7000120ad3f,APPROVED,Not Applicable,2024-02-29T20:29:19.229000Z,2024-02-29T20:42:08.161000Z,2024-03-01T09:15:40.739000Z,2024-02-29T20:42:08.734756Z,769.0,CBCT4R5Q,1593,English,White/Caucasian,69,Male,White,United Kingdom,United Kingdom,United Kingdom,English,No,"Not in paid work (e.g. homemaker', 'retired or disabled)"
65e0e9874b872be094cb495d,5d75dff2b0b21000167a7336,APPROVED,Not Applicable,2024-02-29T20:31:23.888000Z,2024-02-29T20:42:35.049000Z,2024-03-01T09:15:39.357000Z,2024-02-29T20:42:35.591059Z,672.0,CBCT4R5Q,799,English,White/Caucasian,86,Male,White,Australia,Australia,Australia,English,No,"Not in paid work (e.g. homemaker', 'retired or disabled)"
65e0ea6fcdd41adf6088236d,6398807b72b2d57df3afe665,APPROVED,Not Applicable,2024-02-29T20:35:02.532000Z,2024-02-29T20:44:07.056000Z,2024-03-01T09:15:37.924000Z,2024-02-29T20:44:07.522342Z,545.0,CBCT4R5Q,465,English,White/Caucasian,70,Male,White,United Kingdom,United Kingdom,United Kingdom,English,No,"Not in paid work (e.g. homemaker', 'retired or disabled)"
65e0eb0f652e8c84bc2e4ec9,5f9eb2b4530d3e45e450e42e,APPROVED,Not Applicable,2024-02-29T20:37:47.370000Z,2024-02-29T20:54:05.922000Z,2024-03-01T09:15:36.424000Z,2024-02-29T20:54:06.444917Z,979.0,CBCT4R5Q,1741,English,White/Caucasian,68,Male,White,United Kingdom,United Kingdom,United Kingdom,English,No,Full-Time
65e0eb467ac72fe43276fcbb,5d692cf290cade0018695dfb,APPROVED,Not Applicable,2024-02-29T20:38:38.211000Z,2024-02-29T20:52:35.679000Z,2024-03-01T09:15:27.747000Z,2024-02-29T20:52:36.208102Z,838.0,CBCT4R5Q,1631,English,White/Caucasian,65,Male,White,United Kingdom,United Kingdom,United Kingdom,English,No,Full-Time
65e0ebfea880476b312ee95a,646cfc663c6a71e2ab992704,APPROVED,Not Applicable,2024-02-29T20:43:11.949000Z,2024-02-29T20:51:40.623000Z,2024-03-01T09:15:23.756000Z,2024-02-29T20:51:41.259918Z,509.0,CBCT4R5Q,1272,English,Black/African American,66,Male,Black,Nigeria,United States,Nigeria,English,DATA_EXPIRED,DATA_EXPIRED
65e0ebffe49c5395e38453c0,5e8f569436e20a234f89a6f4,APPROVED,Not Applicable,2024-02-29T20:41:42.995000Z,2024-02-29T20:50:17.707000Z,2024-03-01T09:15:25.052000Z,2024-02-29T20:50:18.258085Z,515.0,CBCT4R5Q,1514,English,White/Caucasian,67,Male,White,United Kingdom,United Kingdom,United Kingdom,English,No,"Not in paid work (e.g. homemaker', 'retired or disabled)"
65e0eeee06b278635a89c42d,5b90696e50f7ce00016007aa,APPROVED,Not Applicable,2024-02-29T20:54:23.727000Z,2024-02-29T21:02:17.611000Z,2024-03-01T09:15:22.582000Z,2024-02-29T21:02:18.160168Z,474.0,CBCT4R5Q,1242,English,White/Caucasian,71,Male,White,United Kingdom,United Kingdom,United Kingdom,English,No,"Not in paid work (e.g. homemaker', 'retired or disabled)"
65e0eef363f2f1e714e07e3f,5ecf9b46617a9b3dd56b3fe3,APPROVED,Not Applicable,2024-02-29T20:54:24.896000Z,2024-02-29T21:01:35.342000Z,2024-03-01T09:15:21.353000Z,2024-02-29T21:01:36.059481Z,431.0,CBCT4R5Q,1726,English,White/Caucasian,78,Male,White,United Kingdom,United Kingdom,United Kingdom,English,No,Part-Time
65e0ef191cce069a73551507,59bb9e3a178f1b0001828b12,APPROVED,Not Applicable,2024-02-29T20:54:53.428000Z,2024-02-29T21:08:26.410000Z,2024-03-01T09:15:19.564000Z,2024-02-29T21:08:26.957066Z,813.0,CBCT4R5Q,2504,English,White/Caucasian,80,Male,White,United Kingdom,United Kingdom,United Kingdom,English,No,"Not in paid work (e.g. homemaker', 'retired or disabled)"
65e0efb0873675f5079a4ef2,56d84c584a9be1000a535f9c,APPROVED,Not Applicable,2024-02-29T20:57:24.972000Z,2024-02-29T21:09:28.899000Z,2024-03-01T09:15:16.825000Z,2024-02-29T21:09:29.468643Z,724.0,CBCT4R5Q,2920,English,White/Caucasian,67,Male,White,United Kingdom,United Kingdom,United Kingdom,English,No,"Not in paid work (e.g. homemaker', 'retired or disabled)"
65e0efd2e550f18ce753c3a9,583730c8b647c40001043cbf,APPROVED,Not Applicable,2024-02-29T20:57:54.215000Z,2024-02-29T21:04:48.428000Z,2024-03-01T09:15:12.430000Z,2024-02-29T21:04:49.127780Z,415.0,CBCT4R5Q,1681,"English, Portuguese",White/Caucasian,69,Male,White,United Kingdom,United Kingdom,Ireland,English,No,"Not in paid work (e.g. homemaker', 'retired or disabled)"
65e0efe87bf267ed00e40bd8,5e480e306f7753000b908cb2,APPROVED,Not Applicable,2024-02-29T20:58:16.392000Z,2024-02-29T21:07:53.182000Z,2024-03-01T09:15:09.526000Z,2024-02-29T21:07:53.734690Z,577.0,CBCT4R5Q,2063,English,White/Caucasian,68,Male,White,United Kingdom,United Kingdom,United Kingdom,English,DATA_EXPIRED,DATA_EXPIRED
65e0efe9e81a418c076ab7af,64457bc906c125cebd4bf66b,APPROVED,Not Applicable,2024-02-29T20:58:22.634000Z,2024-02-29T21:05:57.930000Z,2024-03-01T09:15:07.841000Z,2024-02-29T21:05:58.739567Z,456.0,CBCT4R5Q,608,English,White/Caucasian,74,Male,White,United Kingdom,United Kingdom,United Kingdom,English,No,"Not in paid work (e.g. homemaker', 'retired or disabled)"
65e0f03d0da0d17742741bf9,5dfb852818c365010b98958e,APPROVED,Not Applicable,2024-02-29T20:59:50.492000Z,2024-02-29T21:12:03.049000Z,2024-03-01T09:15:04.817000Z,2024-02-29T21:12:03.901694Z,733.0,CBCT4R5Q,1630,English,White/Caucasian,66,Male,White,United Kingdom,United Kingdom,United Kingdom,English,No,"Not in paid work (e.g. homemaker', 'retired or disabled)"
65e0d69d28ef997c3a468f36,5d0a775bccb8bb00179a04f1,APPROVED,Not Applicable,2024-02-29T19:10:31.411000Z,2024-02-29T19:19:04.093000Z,2024-03-01T09:16:17.771000Z,2024-02-29T19:19:04.611518Z,513.0,CBCT4R5Q,2061,English,White/Caucasian,74,Female,White,United Kingdom,United Kingdom,United Kingdom,English,No,"Not in paid work (e.g. homemaker', 'retired or disabled)"
65e0d6a19a4171c8265bbfa4,5ea0631f1b0f64012fefc637,APPROVED,Not Applicable,2024-02-29T19:10:28.979000Z,2024-02-29T19:17:26.092000Z,2024-03-01T09:16:19.322000Z,2024-02-29T19:17:26.601705Z,418.0,CBCT4R5Q,1789,English,White/Caucasian,72,Female,White,United Kingdom,United Kingdom,United Kingdom,English,No,"Not in paid work (e.g. homemaker', 'retired or disabled)"
65e0d6b291c8b45f15422ad1,5c28b31a0091e40001ca5030,APPROVED,Not Applicable,2024-02-29T19:10:42.862000Z,2024-02-29T19:24:15.170000Z,2024-03-01T09:16:15.852000Z,2024-02-29T19:24:15.854849Z,813.0,CBCT4R5Q,1919,English,White/Caucasian,69,Female,White,United Kingdom,United Kingdom,United Kingdom,English,No,"Not in paid work (e.g. homemaker', 'retired or disabled)"
65e0d6b446f7c74439573830,5e7f1c5ee2d6185def08ac67,APPROVED,Not Applicable,2024-02-29T19:10:44.895000Z,2024-02-29T19:22:53.036000Z,2024-03-01T09:16:14.584000Z,2024-02-29T19:22:53.542015Z,729.0,CBCT4R5Q,1710,English,White/Caucasian,69,Female,White,United Kingdom,United Kingdom,United Kingdom,English,No,"Not in paid work (e.g. homemaker', 'retired or disabled)"
65e0d6bf198ea2df56b7d32f,59e7eb5d62637600014a7db2,APPROVED,Not Applicable,2024-02-29T19:10:55.300000Z,2024-02-29T19:21:52.478000Z,2024-03-01T09:16:12.970000Z,2024-02-29T19:21:53.101720Z,658.0,CBCT4R5Q,1115,English,White/Caucasian,73,Female,White,United Kingdom,United Kingdom,United Kingdom,English,No,Part-Time
65e0d9fb9e1f6000baec2f3c,5c081c45fd9c080001709937,APPROVED,Not Applicable,2024-02-29T19:24:52.548000Z,2024-02-29T19:36:03.724000Z,2024-03-01T09:16:03.367000Z,2024-02-29T19:36:04.235669Z,672.0,CBCT4R5Q,1089,English,White/Caucasian,75,Female,White,United Kingdom,United Kingdom,United Kingdom,English,No,Unemployed (and job seeking)
65e0da289ac71d38b2a317bc,5d6fc9b0a676c8001aeec9c4,APPROVED,Not Applicable,2024-02-29T19:25:37.410000Z,2024-02-29T19:35:12.867000Z,2024-03-01T09:16:01.768000Z,2024-02-29T19:35:13.470355Z,576.0,CBCT4R5Q,880,English,White/Caucasian,72,Female,White,United Kingdom,United Kingdom,United Kingdom,English,No,"Not in paid work (e.g. homemaker', 'retired or disabled)"
65e0da309e1f6000baec2f51,5dee48a67309b94df13ddbce,APPROVED,Not Applicable,2024-02-29T19:25:42.058000Z,2024-02-29T19:42:15.874000Z,2024-03-01T09:16:00.525000Z,2024-02-29T19:42:16.432792Z,994.0,CBCT4R5Q,1799,English,White/Caucasian,76,Female,White,United Kingdom,United Kingdom,United Kingdom,English,No,"Not in paid work (e.g. homemaker', 'retired or disabled)"
65e0da39316b819ca95cddf0,5bbc3d95f1f9ba000141d855,APPROVED,Not Applicable,2024-02-29T19:25:58.136000Z,2024-02-29T19:30:55.411000Z,2024-03-01T09:15:59.189000Z,2024-02-29T19:30:56.034970Z,298.0,CBCT4R5Q,2920,English,White/Caucasian,65,Female,White,United Kingdom,United Kingdom,United Kingdom,English,No,Full-Time
65e0da44d0d8d06b822b8831,59ba64d06039190001eaaefe,APPROVED,Not Applicable,2024-02-29T19:26:03.646000Z,2024-02-29T19:32:04.289000Z,2024-03-01T09:15:56.368000Z,2024-02-29T19:32:05.627611Z,361.0,CBCT4R5Q,2634,English,White/Caucasian,65,Female,White,United Kingdom,United Kingdom,United Kingdom,English,No,Part-Time
65e0e8553e8b33654ce34d13,648978eef0a4e73b67c9c153,APPROVED,Not Applicable,2024-02-29T20:25:57.379000Z,2024-02-29T20:34:09.535000Z,2024-03-01T09:15:47.031000Z,2024-02-29T20:34:10.063635Z,493.0,CBCT4R5Q,458,English,White/Caucasian,66,Female,White,United Kingdom,United Kingdom,United Kingdom,English,DATA_EXPIRED,DATA_EXPIRED
65e0e85c0e1c04eb37c0a0b8,63b2d04ed0f53f75de4ba38e,APPROVED,Not Applicable,2024-02-29T20:26:04.024000Z,2024-02-29T20:34:23.027000Z,2024-03-01T09:15:45.268000Z,2024-02-29T20:34:23.510024Z,500.0,CBCT4R5Q,804,English,White/Caucasian,67,Female,White,United Kingdom,United Kingdom,United Kingdom,English,No,"Not in paid work (e.g. homemaker', 'retired or disabled)"
65e0e87b8356759999802928,56cf6e8d31a5bc0006e1cdf5,APPROVED,Not Applicable,2024-02-29T20:26:46.031000Z,2024-02-29T20:35:33.033000Z,2024-03-01T09:15:43.311000Z,2024-02-29T20:35:33.551994Z,528.0,CBCT4R5Q,3454,English,White/Caucasian,69,Female,White,United Kingdom,United Kingdom,United Kingdom,English,No,"Not in paid work (e.g. homemaker', 'retired or disabled)"
65e0e892a880476b312ee7f2,6504633485468cf602abc99f,APPROVED,Not Applicable,2024-02-29T20:27:04.911000Z,2024-02-29T20:35:04.943000Z,2024-03-01T09:15:42.113000Z,2024-02-29T20:35:05.581983Z,481.0,CBCT4R5Q,600,English,White/Caucasian,67,Female,White,United States,United States,United States,English,No,Other
65e0eb1d60f8c675837d5e70,6405ea70e659d84377d7cdb1,APPROVED,Not Applicable,2024-02-29T20:38:04.895000Z,2024-02-29T20:48:26.429000Z,2024-03-01T09:15:33.412000Z,2024-02-29T20:48:26.990624Z,622.0,CBCT4R5Q,614,English,White/Caucasian,72,Female,White,United Kingdom,United Kingdom,United Kingdom,English,No,"Not in paid work (e.g. homemaker', 'retired or disabled)"
65e0eb2b3ce938b2fd39368b,60375d67dde85cad87f3c99d,APPROVED,Not Applicable,2024-02-29T20:38:03.138000Z,2024-02-29T20:51:57.394000Z,2024-03-01T09:15:34.747000Z,2024-02-29T20:51:57.914239Z,835.0,CBCT4R5Q,1896,English,White/Caucasian,76,Female,White,United Kingdom,United Kingdom,United Kingdom,English,No,"Not in paid work (e.g. homemaker', 'retired or disabled)"
65e0eb33eeec9576d085b4a1,614c5dc3cda534db7afc2e73,APPROVED,Not Applicable,2024-02-29T20:38:11.189000Z,2024-02-29T20:47:11.815000Z,2024-03-01T09:15:30.276000Z,2024-02-29T20:47:12.456936Z,541.0,CBCT4R5Q,1541,English,White/Caucasian,65,Female,White,United Kingdom,United Kingdom,United Kingdom,English,No,Part-Time
65e0eb384d858cc68c7d5d02,5e54367e80cd0944205b27f9,APPROVED,Not Applicable,2024-02-29T20:38:22.433000Z,2024-02-29T21:01:31.670000Z,2024-03-01T09:15:28.912000Z,2024-02-29T21:01:32.259394Z,1390.0,CBCT4R5Q,1577,English,White/Caucasian,73,Female,White,United Kingdom,United Kingdom,United Kingdom,English,No,"Not in paid work (e.g. homemaker', 'retired or disabled)"
65e0efaa1c9c97245be40d1a,55885582fdf99b4021921fbd,APPROVED,Not Applicable,2024-02-29T20:57:14.426000Z,2024-02-29T21:09:57.912000Z,2024-03-01T09:15:18.124000Z,2024-02-29T21:09:58.409889Z,764.0,CBCT4R5Q,4000,English,White/Caucasian,68,Female,White,United Kingdom,United Kingdom,United Kingdom,English,No,"Not in paid work (e.g. homemaker', 'retired or disabled)"
65e0efb221f1f5c37064aade,5ad658e2a38d7b00013afe89,APPROVED,Not Applicable,2024-02-29T20:58:53.789000Z,2024-02-29T21:07:50.900000Z,2024-03-01T09:15:06.436000Z,2024-02-29T21:07:51.444463Z,538.0,CBCT4R5Q,2045,English,East Asian,65,Female,Asian,Hong Kong,United Kingdom,United Kingdom,English,No,Part-Time
65e0efbc5f16a62a33d7ca1c,64837ba51422d817b62cc5cc,APPROVED,Not Applicable,2024-02-29T20:57:32.519000Z,2024-02-29T21:07:13.004000Z,2024-03-01T09:15:15.419000Z,2024-02-29T21:07:13.568722Z,581.0,CBCT4R5Q,503,English,White / Sephardic Jew,66,Female,White,United Kingdom,United Kingdom,United Kingdom,English,No,"Not in paid work (e.g. homemaker', 'retired or disabled)"
65e0efcfe59825957e9d921a,6154d1ad6039a7b481511037,APPROVED,Not Applicable,2024-02-29T20:57:50.978000Z,2024-02-29T21:07:06.296000Z,2024-03-01T09:15:13.973000Z,2024-02-29T21:07:06.971065Z,556.0,CBCT4R5Q,1191,"German, English",White/Caucasian,67,Female,White,Germany,Germany,Germany,German,No,"Not in paid work (e.g. homemaker', 'retired or disabled)"
65e0efd0844a373190f19c0e,5f155b98b1393b000d6bf745,APPROVED,Not Applicable,2024-02-29T20:57:59.965000Z,2024-02-29T21:06:09.375000Z,2024-03-01T09:15:10.887000Z,2024-02-29T21:06:09.963792Z,490.0,CBCT4R5Q,884,English,White/Caucasian,66,Female,White,United Kingdom,United Kingdom,United Kingdom,English,No,Part-Time
65e0a2530fd734a9b0157d9e,5fdbd8a82fbe510db8935564,APPROVED,Not Applicable,2024-02-29T15:27:21.608000Z,2024-02-29T15:45:11.327000Z,2024-03-01T09:08:46.649000Z,2024-02-29T15:45:11.960000Z,1070.0,CBCT4R5Q,220,"Portuguese, English",White/Caucasian,21,Male,White,Portugal,Portugal,Portugal,Portuguese,Yes,Other
65e0a258d1f821c51027ca2b,5fade36bdde8092117469a42,APPROVED,Not Applicable,2024-02-29T15:29:35.758000Z,2024-02-29T15:36:45.147000Z,2024-03-01T09:08:54.133000Z,2024-02-29T15:36:45.677047Z,430.0,CBCT4R5Q,263,"Portuguese, English",Other (please feel free to let us know your ethnicity via email),23,Male,White,Portugal,Portugal,Portugal,Portuguese,No,Full-Time
65e0a259e40da7dca645fdb1,5fa548464d75e0232275d55e,APPROVED,Not Applicable,2024-02-29T15:27:21.345000Z,2024-02-29T15:36:13.407000Z,2024-03-01T09:08:45.321000Z,2024-02-29T15:36:14.133429Z,533.0,CBCT4R5Q,260,"Slovenian, English",Other (please feel free to let us know your ethnicity via email),21,Male,White,Slovenia,Slovenia,Slovenia,Slovenian,Yes,Unemployed (and job seeking)
65e0a26394b5a6dbf6f8c698,61290c984835b674072fc6ac,APPROVED,Not Applicable,2024-02-29T15:28:58.342000Z,2024-02-29T15:37:39.894000Z,2024-03-01T09:08:52.628000Z,2024-02-29T15:37:40.548045Z,522.0,CBCT4R5Q,269,English,African,23,Male,Black,South Africa,South Africa,South Africa,English,DATA_EXPIRED,DATA_EXPIRED
65e0a266db449dd615821bfe,610b747563ed83265433ac09,APPROVED,Not Applicable,2024-02-29T15:27:34.706000Z,2024-02-29T15:50:30.465000Z,2024-03-01T09:08:49.775000Z,2024-02-29T15:50:31.064606Z,1376.0,CBCT4R5Q,300,English,African,22,Male,Black,Zimbabwe,South Africa,Zimbabwe,English,Yes,Part-Time
65e0a3fdafd913ac3ae9b90b,64b7d9742e5cde32be52fa98,APPROVED,Not Applicable,2024-02-29T15:34:39.667000Z,2024-02-29T15:52:01.003000Z,2024-03-01T09:09:06.546000Z,2024-02-29T15:52:02.061909Z,1042.0,CBCT4R5Q,145,"Italian, English",White/Caucasian,24,Male,White,Italy,Italy,Italy,Italian,No,Full-Time
65e0a40032e86780ab54f000,5f1019ffa16c0a26504d01a1,APPROVED,Not Applicable,2024-02-29T15:34:27.402000Z,2024-02-29T15:36:46.244000Z,2024-03-01T09:08:55.407000Z,2024-02-29T15:36:46.848573Z,139.0,CBCT4R5Q,299,"English, Polish",Middle Eastern,22,Male,White,United States,Poland,United States,English,Yes,Full-Time
65e0a403f629e75c22c3a59d,5de5157820c5aa09b7a53b89,APPROVED,Not Applicable,2024-02-29T15:34:27.493000Z,2024-02-29T15:45:43.806000Z,2024-03-01T09:08:57.244000Z,2024-02-29T15:45:44.388432Z,677.0,CBCT4R5Q,430,"Greek, English",White/Caucasian,24,Male,White,Greece,Greece,Greece,Greek,No,Unemployed (and job seeking)
65e0a408cc6c49698e16ecef,607df5af91a38a276a60397b,APPROVED,Not Applicable,2024-02-29T15:34:32.665000Z,2024-02-29T15:47:49.333000Z,2024-03-01T09:09:00.877000Z,2024-02-29T15:47:50.052311Z,797.0,CBCT4R5Q,395,"Italian, English",White/Caucasian,25,Male,White,Italy,Italy,Italy,Italian,Yes,Due to start a new job within the next month
65e0a40bb767f31dd98dea95,645612cc50e50ba936bc0af9,APPROVED,Not Applicable,2024-02-29T15:35:10.282000Z,2024-02-29T15:45:06.763000Z,2024-03-01T09:09:11.080000Z,2024-02-29T15:45:07.667568Z,597.0,CBCT4R5Q,238,English,African,24,Male,Black,South Africa,South Africa,South Africa,English,Yes,Full-Time
65e0a622722079ff44655f13,60252b168d445b2c7efd6c32,APPROVED,Not Applicable,2024-02-29T15:43:35.738000Z,2024-02-29T15:49:25.025000Z,2024-03-01T09:09:14.134000Z,2024-02-29T15:49:25.667887Z,350.0,CBCT4R5Q,560,"Spanish, Portuguese, French, English",White/Caucasian,22,Male,White,Portugal,Portugal,Portugal,Portuguese,Yes,Full-Time
65e0a628d0364b52f5e6bfc8,5eaf3e142627076426921b1b,APPROVED,Not Applicable,2024-02-29T15:43:36.377000Z,2024-02-29T15:49:53.216000Z,2024-03-01T09:09:15.531000Z,2024-02-29T15:49:53.848809Z,377.0,CBCT4R5Q,741,"English, Portuguese",Latino/Hispanic,23,Male,White,Portugal,Portugal,Portugal,Portuguese,No,Full-Time
65e0a62ae320948bc183a43c,5ec2db0025710a10cf4966ec,APPROVED,Not Applicable,2024-02-29T15:43:38.448000Z,2024-02-29T15:56:01.513000Z,2024-03-01T09:09:18.241000Z,2024-02-29T15:56:01.987663Z,744.0,CBCT4R5Q,529,"Portuguese, English",White/Caucasian,25,Male,White,Portugal,Portugal,Portugal,Portuguese,Yes,Full-Time
65e0a62cca64ea34a4b311cb,5e248b6f0c0b31718a9d3f31,APPROVED,Not Applicable,2024-02-29T15:43:40.982000Z,2024-02-29T15:56:51.643000Z,2024-03-01T09:09:21.716000Z,2024-02-29T15:56:52.186106Z,791.0,CBCT4R5Q,220,"Polish, English",White/Caucasian,22,Male,White,Poland,Poland,Poland,Polish,Yes,Other
65e0a62ddb762a97bf9f2995,5e6d3ce53295e8000aefafa9,APPROVED,Not Applicable,2024-02-29T15:43:58.912000Z,2024-02-29T15:47:26.642000Z,2024-03-01T09:09:30.302000Z,2024-02-29T15:47:27.206924Z,208.0,CBCT4R5Q,287,"Italian, English",White/Caucasian,25,Male,White,Italy,Italy,Italy,Italian,No,Full-Time
65e0a6db8bdf2d304effd1f8,652fe77b76bc32c10d1a8d01,APPROVED,Not Applicable,2024-02-29T15:47:23.519000Z,2024-02-29T15:57:30.708000Z,2024-03-01T09:11:27.474000Z,2024-02-29T15:57:31.745007Z,608.0,CBCT4R5Q,109,"Italian, English",White/Caucasian,20,Male,White,Italy,Italy,Italy,Italian,Yes,Other
65e0a6e5090de49e39be477d,611c035fcf63d265705f5c3f,APPROVED,Not Applicable,2024-02-29T15:46:49.473000Z,2024-02-29T15:52:03.383000Z,2024-03-01T09:09:33.376000Z,2024-02-29T15:52:04.073749Z,314.0,CBCT4R5Q,248,"Portuguese, English",White/Caucasian,21,Male,White,Portugal,Portugal,Portugal,Portuguese,DATA_EXPIRED,DATA_EXPIRED
65e0a6ea7eede0e21d2d4a30,5f97f80e8279d602b5dfd6b1,APPROVED,Not Applicable,2024-02-29T15:46:50.645000Z,2024-02-29T16:04:27.602000Z,2024-03-01T09:11:19.925000Z,2024-02-29T16:04:28.175417Z,1057.0,CBCT4R5Q,449,English,African,22,Male,Black,South Africa,South Africa,South Africa,English,Yes,Full-Time
65e0a6eb3a5500f2ac379cc1,5eed26d4e4dd3e14979dacf8,APPROVED,Not Applicable,2024-02-29T15:46:51.117000Z,2024-02-29T15:54:25.740000Z,2024-03-01T09:11:22.115000Z,2024-02-29T15:54:26.388523Z,455.0,CBCT4R5Q,110,"Polish, English",Black/African American,21,Male,White,DATA_EXPIRED,Poland,Poland,Polish,DATA_EXPIRED,DATA_EXPIRED
65e0a6eb4fee1bd686722604,608adf0cc8637f7f395352b1,APPROVED,Not Applicable,2024-02-29T15:47:02.494000Z,2024-02-29T15:53:00.844000Z,2024-03-01T09:11:24.956000Z,2024-02-29T15:53:02.062773Z,359.0,CBCT4R5Q,338,"English, Hungarian",Middle Eastern,23,Male,White,Hungary,Hungary,Hungary,Hungarian,No,Other
65e0a84e86c4bbbc4e3c1c8a,5ebdc4c431748b1107152a6f,APPROVED,Not Applicable,2024-02-29T15:52:46.446000Z,2024-02-29T16:00:16.374000Z,2024-03-01T09:11:37.596000Z,2024-02-29T16:00:16.993120Z,450.0,CBCT4R5Q,311,"Portuguese, English",White/Caucasian,29,Male,White,Portugal,Portugal,Portugal,Portuguese,Yes,Unemployed (and job seeking)
65e0a84e86c4bbbc4e3c1c8c,5c0333c84e1b7b00016a83fd,APPROVED,Not Applicable,2024-02-29T15:54:15.223000Z,2024-02-29T16:04:39.866000Z,2024-03-01T09:11:53.632000Z,2024-02-29T16:04:40.832219Z,625.0,CBCT4R5Q,594,"English, Portuguese",White/Caucasian,25,Male,White,Portugal,Portugal,Portugal,Portuguese,Yes,Part-Time
65e0a8500b99243719b7862d,5c5baaec192d350001d5c8e4,APPROVED,Not Applicable,2024-02-29T15:52:48.016000Z,2024-02-29T16:04:07.549000Z,2024-03-01T09:11:40.060000Z,2024-02-29T16:04:08.128600Z,680.0,CBCT4R5Q,775,"English, Portuguese",White/Caucasian,23,Male,White,Portugal,Portugal,Portugal,Portuguese,No,Unemployed (and job seeking)
65e0a851ee1d16acdaace408,61533ead92c280c34cc22482,APPROVED,Not Applicable,2024-02-29T15:52:49.496000Z,2024-02-29T15:56:59.332000Z,2024-03-01T09:11:41.674000Z,2024-02-29T15:56:59.976480Z,250.0,CBCT4R5Q,239,"English, Portuguese",White/Caucasian,23,Male,White,Portugal,Portugal,Portugal,Portuguese,No,Unemployed (and job seeking)
65e0a851db762a97bf9f2a59,60d20236448971833317b4a9,APPROVED,Not Applicable,2024-02-29T15:52:49.965000Z,2024-02-29T15:58:53.321000Z,2024-03-01T09:11:44.228000Z,2024-02-29T15:58:53.992059Z,364.0,CBCT4R5Q,297,"English, Polish",White/Caucasian,22,Male,White,Poland,Poland,Poland,Polish,Yes,DATA_EXPIRED
65e0a24b765f55b6ef9605a6,5f770f1691d3f91d768299f3,APPROVED,Not Applicable,2024-02-29T15:27:07.139000Z,2024-02-29T15:38:44.014000Z,2024-03-01T09:08:42.336000Z,2024-02-29T15:38:44.593821Z,697.0,CBCT4R5Q,333,"English, Portuguese",White/Caucasian,22,Female,White,Portugal,Portugal,Portugal,Portuguese,DATA_EXPIRED,DATA_EXPIRED
65e0a2575f209b9dc93103c6,602eb277699b7eac88efaa29,APPROVED,Not Applicable,2024-02-29T15:27:19.201000Z,2024-02-29T15:41:11.867000Z,2024-03-01T09:08:43.856000Z,2024-02-29T15:41:12.317110Z,833.0,CBCT4R5Q,171,"English, Portuguese",White/Caucasian,23,Female,White,Portugal,Portugal,Portugal,Portuguese,Yes,Other
65e0a2659e3ff6de50536819,5fea245fcb429d1d08f7d1e0,APPROVED,Not Applicable,2024-02-29T15:27:53.674000Z,2024-02-29T15:34:01.438000Z,2024-03-01T09:08:51.054000Z,2024-02-29T15:34:01.982642Z,368.0,CBCT4R5Q,160,"English, Italian, Spanish",White/Caucasian,25,Female,White,Italy,Italy,Italy,Italian,Yes,Part-Time
65e0a2667be1571eeac061af,5cd0b82bae977b00015d30eb,APPROVED,Not Applicable,2024-02-29T15:27:34.440000Z,2024-02-29T15:34:05.759000Z,2024-03-01T09:08:48.173000Z,2024-02-29T15:34:06.286973Z,392.0,CBCT4R5Q,282,"French, English, Italian, Japanese, Portuguese, Spanish",White/Caucasian,24,Female,White,Portugal,Portugal,Portugal,Portuguese,DATA_EXPIRED,DATA_EXPIRED
65e0a40253d69ab09f23e1e4,6310a2fb7a4dd7e9a7e72dea,APPROVED,Not Applicable,2024-02-29T15:34:30.605000Z,2024-02-29T15:40:47.599000Z,2024-03-01T09:08:59.218000Z,2024-02-29T15:40:48.214681Z,377.0,CBCT4R5Q,189,"English, Russian",White/Caucasian,22,Female,White,Russian Federation,Netherlands,Russian Federation,Russian,Yes,Part-Time
65e0a403d8695130f6971c90,6135dc7bbd76eac19965cbb4,APPROVED,Not Applicable,2024-02-29T15:34:48.500000Z,2024-02-29T15:46:33.548000Z,2024-03-01T09:09:08.006000Z,2024-02-29T15:46:33.981455Z,706.0,CBCT4R5Q,336,English,African,21,Female,Black,South Africa,South Africa,South Africa,English,Yes,Full-Time
65e0a406cf720ed8f89ba58a,60fd913b3fd4aeea9829cff3,APPROVED,Not Applicable,2024-02-29T15:34:34.704000Z,2024-02-29T15:40:58.504000Z,2024-03-01T09:09:03.321000Z,2024-02-29T15:40:59.283888Z,384.0,CBCT4R5Q,346,"Afrikaans, English, Hindi",South Asian,23,Female,Asian,India,South Africa,India,Hindi,DATA_EXPIRED,DATA_EXPIRED
65e0a408932998a7248eca07,606dea112436631b694c56ad,APPROVED,Not Applicable,2024-02-29T15:35:07.712000Z,2024-02-29T16:00:57.015000Z,2024-03-01T09:09:09.390000Z,2024-02-29T16:00:57.601125Z,1550.0,CBCT4R5Q,285,English,African,23,Female,Black,South Africa,South Africa,South Africa,English,DATA_EXPIRED,DATA_EXPIRED
65e0a40a1372587c4584a48d,615244aaae26aee9b4c62b28,APPROVED,Not Applicable,2024-02-29T15:34:38.411000Z,2024-02-29T15:43:32.919000Z,2024-03-01T09:09:05.034000Z,2024-02-29T15:43:33.574872Z,535.0,CBCT4R5Q,370,English,African,23,Female,White,South Africa,South Africa,South Africa,English,No,Full-Time
65e0a4e5c8e5b08356a92bf3,60d9be2f7833472f11aae071,APPROVED,Not Applicable,2024-02-29T15:38:13.148000Z,2024-02-29T15:44:30.112000Z,2024-03-01T09:09:12.454000Z,2024-02-29T15:44:30.949939Z,377.0,CBCT4R5Q,203,"English, Polish",White/Caucasian,23,Female,White,Poland,Poland,Poland,Polish,Yes,Unemployed (and job seeking)
65e0a6251512456eeca60fbe,610063b7b50c4e9488e77eca,APPROVED,Not Applicable,2024-02-29T15:43:49.968000Z,2024-02-29T15:49:36.065000Z,2024-03-01T09:09:28.604000Z,2024-02-29T15:49:36.720564Z,347.0,CBCT4R5Q,507,"Belarusian, English, French, Italian, German, Polish, Spanish, Ukrainian, Russian",White/Caucasian,24,Female,White,Poland,Poland,Poland,Polish,Yes,Part-Time
65e0a629a77014c128e9711d,646baaaa73f3e86f2af26ac8,APPROVED,Not Applicable,2024-02-29T15:43:37.121000Z,2024-02-29T16:00:47.915000Z,2024-03-01T09:09:16.864000Z,2024-02-29T16:00:48.456284Z,1031.0,CBCT4R5Q,177,"English, Russian",Middle Eastern,20,Female,Mixed,Russian Federation,Netherlands,Russian Federation,Russian,Yes,DATA_EXPIRED
65e0a6294b724660ac042e18,60fd39b0576f27d25fe6ff7a,APPROVED,Not Applicable,2024-02-29T15:43:40.768000Z,2024-02-29T15:53:36.553000Z,2024-03-01T09:09:20.459000Z,2024-02-29T15:53:37.189692Z,596.0,CBCT4R5Q,121,"Greek, English",White/Caucasian,25,Female,White,Greece,Greece,Greece,Greek,Yes,Unemployed (and job seeking)
65e0a62bdae3fbcbeca92c54,603bd4a59450778e3c075ea5,APPROVED,Not Applicable,2024-02-29T15:43:42.777000Z,2024-02-29T15:49:25.644000Z,2024-03-01T09:09:23.076000Z,2024-02-29T15:49:26.330246Z,343.0,CBCT4R5Q,361,"English, Spanish",Latino/Hispanic,23,Female,White,Spain,Spain,Spain,Spanish,Yes,Part-Time
65e0a62b5d2a8bb0069ba653,6159c9ba529a747abe3ec902,APPROVED,Not Applicable,2024-02-29T15:43:46.780000Z,2024-02-29T15:54:18.404000Z,2024-03-01T09:09:24.854000Z,2024-02-29T15:54:19.720761Z,632.0,CBCT4R5Q,344,English,African,22,Female,Black,South Africa,South Africa,South Africa,English,No,Unemployed (and job seeking)
65e0a6db1372587c4584a571,6165d25922529904e5d7267d,APPROVED,Not Applicable,2024-02-29T15:46:35.577000Z,2024-02-29T16:04:04.774000Z,2024-03-01T09:09:31.639000Z,2024-02-29T16:04:05.303970Z,1050.0,CBCT4R5Q,350,"Afrikaans, English",African,20,Female,Other,South Africa,South Africa,South Africa,English,Yes,DATA_EXPIRED
65e0a6dcc6dead794bd3fd70,6129dca465e41b5ae1b262da,APPROVED,Not Applicable,2024-02-29T15:48:38.593000Z,2024-02-29T16:02:18.455000Z,2024-03-01T09:11:32.967000Z,2024-02-29T16:02:19.029474Z,820.0,CBCT4R5Q,314,English,African,23,Female,Black,South Africa,South Africa,South Africa,English,Yes,Full-Time
65e0a6e0d8b8f4ba198b4a59,5f4b5e6d030fef723ba00807,APPROVED,Not Applicable,2024-02-29T15:48:19.151000Z,2024-02-29T15:57:08.931000Z,2024-03-01T09:11:29.676000Z,2024-02-29T15:57:09.705891Z,530.0,CBCT4R5Q,455,"English, Polish",White/Caucasian,25,Female,White,Poland,Poland,Poland,Polish,No,Full-Time
65e0a6e5d488841e43c018ef,614db4d894309673da260041,APPROVED,Not Applicable,2024-02-29T15:48:29.796000Z,2024-02-29T16:00:06.984000Z,2024-03-01T09:11:31.002000Z,2024-02-29T16:00:07.590492Z,698.0,CBCT4R5Q,138,English,African,21,Female,Black,South Africa,South Africa,South Africa,English,Yes,Other
65e0a6ec7c6d643d5f125da7,5ddad5b6d69072a3fab25522,APPROVED,Not Applicable,2024-02-29T15:46:52.549000Z,2024-02-29T15:58:04.259000Z,2024-03-01T09:11:23.348000Z,2024-02-29T15:58:05.086332Z,672.0,CBCT4R5Q,564,"Polish, English",White/Caucasian,24,Female,White,Poland,Poland,Poland,Polish,Yes,Unemployed (and job seeking)
65e0a84d9f56662e2edb84d7,5f54cdbcd2fd0a8484ef4645,APPROVED,Not Applicable,2024-02-29T15:52:45.139000Z,2024-02-29T16:03:00.152000Z,2024-03-01T09:11:34.311000Z,2024-02-29T16:03:00.814452Z,616.0,CBCT4R5Q,505,"English, Portuguese, Spanish",White/Caucasian,24,Female,White,Portugal,Portugal,Portugal,Portuguese,Yes,Full-Time
65e0a84fd72b4e133a943a5f,5f3089cba2052d4f14e10381,APPROVED,Not Applicable,2024-02-29T15:52:52.886000Z,2024-02-29T16:28:49.064000Z,2024-03-01T09:11:46.201000Z,2024-02-29T16:28:50.867331Z,2157.0,CBCT4R5Q,302,"English, Spanish",Latino/Hispanic,25,Female,Other,Mexico,Mexico,Mexico,Spanish,Yes,Full-Time
65e0a852439805e7f12d4b11,5ea1e178ff3ee50d69b46324,APPROVED,Not Applicable,2024-02-29T15:52:54.421000Z,2024-02-29T15:56:26.674000Z,2024-03-01T09:11:48.762000Z,2024-02-29T15:56:27.384900Z,213.0,CBCT4R5Q,514,English,White/Caucasian,22,Female,White,United Kingdom,United Kingdom,United Kingdom,English,No,Part-Time
65e0a857993c9501fa83a609,611d06624467771b706c520c,APPROVED,Not Applicable,2024-02-29T15:52:55.552000Z,2024-02-29T16:04:16.324000Z,2024-03-01T09:11:50.304000Z,2024-02-29T16:04:16.995441Z,681.0,CBCT4R5Q,163,English,African,24,Female,Black,South Africa,South Africa,South Africa,English,No,Full-Time
65e0a85c1372587c4584a5f6,611ec7fe32d5bb8639fb5946,APPROVED,Not Applicable,2024-02-29T15:53:45.178000Z,2024-02-29T16:17:42.465000Z,2024-03-01T09:11:51.785000Z,2024-02-29T16:17:43.196930Z,1438.0,CBCT4R5Q,189,"Afrikaans, English",African,23,Female,Black,South Africa,South Africa,South Africa,English,Yes,Other
