Submission id,Participant id,Status,Started at,Completed at,Reviewed at,Archived at,Time taken,Completion code,Total approvals,Fluent languages,Ethnicity,Age,Sex,Ethnicity simplified,Country of birth,Country of residence,Nationality,Language,Student status,Employment status
65649617bd3269a43116f025,6162c86f719b06671ba3abc4,APPROVED,2023-11-27T13:13:59.119000Z,2023-11-27T13:32:41.068000Z,2023-11-27T15:40:37.728000Z,2023-11-27T13:32:41.538493Z,1122.0,CBCT4R5Q,166,English,African,31,Male,Black,South Africa,South Africa,South Africa,English,No,Full-Time
65649666a7acc7506921625f,5fad28d8cf22483c1433ca0f,APPROVED,2023-11-27T13:15:30.089000Z,2023-11-27T13:20:40.933000Z,2023-11-27T15:40:43.993000Z,2023-11-27T13:20:41.985587Z,311.0,CBCT4R5Q,134,English,South East Asian,30,Male,Asian,South Africa,South Africa,South Africa,English,Yes,Full-Time
6564968e4c2ec17a6582b774,60fff1bb5655b461b15f8a8c,APPROVED,2023-11-27T13:16:28.931000Z,2023-11-27T13:29:18.629000Z,2023-11-27T15:40:56.547000Z,2023-11-27T13:29:19.109364Z,770.0,CBCT4R5Q,135,English,African,30,Male,Black,South Africa,South Africa,South Africa,English,No,Full-Time
656496a0629c6718d34a1980,5b9335109665440001c74437,APPROVED,2023-11-27T13:16:16.388000Z,2023-11-27T13:21:23.050000Z,2023-11-27T15:40:53.129000Z,2023-11-27T13:21:23.482951Z,307.0,CBCT4R5Q,271,"English, Portuguese, Spanish",White/Caucasian,29,Male,White,Portugal,Portugal,Portugal,Portuguese,No,Full-Time
656496ddd324b63f2804eb40,5865dd647fbbcd00013973b8,APPROVED,2023-11-27T13:17:17.506000Z,2023-11-27T13:36:40.848000Z,2023-11-27T15:41:05.290000Z,2023-11-27T13:36:41.532764Z,1164.0,CBCT4R5Q,857,"English, Portuguese, Spanish",White/Caucasian,28,Male,White,Portugal,Portugal,Portugal,Portuguese,No,Part-Time
656496e3ee95833c47e74c45,63d80b77167c4c6b33563dd0,APPROVED,2023-11-27T13:17:26.309000Z,2023-11-27T13:26:26.536000Z,2023-11-27T15:41:07.121000Z,2023-11-27T13:26:26.967740Z,541.0,CBCT4R5Q,360,"English, Punjabi",South East Asian,26,Male,Asian,United Kingdom,United Kingdom,United Kingdom,English,No,Full-Time
656496eb91af435b4fb25226,60f85b92ad978566ec6e8878,APPROVED,2023-11-27T13:17:31.961000Z,2023-11-27T13:27:18.398000Z,2023-11-27T15:41:09.857000Z,2023-11-27T13:27:18.846463Z,587.0,CBCT4R5Q,147,English,African,30,Male,Black,South Africa,South Africa,South Africa,English,No,Unemployed (and job seeking)
656496f0c984bb8b0f18632f,60e46e73e4c4216e7dcbe325,APPROVED,2023-11-27T13:17:41.958000Z,2023-11-27T13:27:06.490000Z,2023-11-27T15:41:11.572000Z,2023-11-27T13:27:07.227757Z,565.0,CBCT4R5Q,329,English,African,29,Male,Black,South Africa,South Africa,South Africa,English,Yes,Full-Time
656496fca9c5c0fcac0d34ef,5d1e501e755c59001709a785,APPROVED,2023-11-27T13:17:48.023000Z,2023-11-27T13:22:57.853000Z,2023-11-27T15:41:13.611000Z,2023-11-27T13:22:58.398293Z,310.0,CBCT4R5Q,328,"English, Portuguese",White/Caucasian,33,Male,White,Portugal,Portugal,Portugal,Portuguese,No,Part-Time
65649703f00cc3b940cd227e,605563e772e44013a0772597,APPROVED,2023-11-27T13:18:00.797000Z,2023-11-27T13:49:19.497000Z,2023-11-27T15:41:28.808000Z,2023-11-27T13:49:20.165862Z,1879.0,CBCT4R5Q,484,"English, Spanish",Latino/Hispanic,42,Male,White,"Venezuela, Bolivarian Republic of",Chile,Chile,Spanish,No,Full-Time
65649717f6a63dd5156ebe66,60df148c8ad3418481921b17,APPROVED,2023-11-27T13:18:15.757000Z,2023-11-27T13:32:14.089000Z,2023-11-27T15:41:31.317000Z,2023-11-27T13:32:14.577350Z,839.0,CBCT4R5Q,381,English,African,28,Male,Black,South Africa,South Africa,South Africa,English,No,Full-Time
6564a4706ceb532ab52f631d,60fc39cce64c39328a7c8904,APPROVED,2023-11-27T14:19:08.260000Z,2023-11-27T14:24:06.302000Z,2023-11-27T15:41:35.025000Z,2023-11-27T14:24:07.660133Z,299.0,CBCT4R5Q,682,"Polish, English",White/Caucasian,27,Male,White,Poland,Poland,Poland,Polish,No,Part-Time
65649626ee95833c47e74c0d,60f344e6ef656e3ce8bfe35c,APPROVED,2023-11-27T13:14:36.106000Z,2023-11-27T13:23:39.375000Z,2023-11-27T15:40:40.202000Z,2023-11-27T13:23:39.845799Z,544.0,CBCT4R5Q,275,English,African,26,Female,Black,South Africa,South Africa,South Africa,English,No,Full-Time
6564963eef47f49cc00d348c,5c30e433bd79600001c29258,APPROVED,2023-11-27T13:14:38.135000Z,2023-11-27T13:46:09.108000Z,2023-11-27T15:40:41.494000Z,2023-11-27T13:46:10.199924Z,1891.0,CBCT4R5Q,463,"Spanish, French, English, Portuguese",White/Caucasian,26,Female,White,Portugal,Portugal,Portugal,Portuguese,No,Full-Time
65649661d324b63f2804eb1c,5fa99d3dc88ddf1aebb5926b,APPROVED,2023-11-27T13:15:13.580000Z,2023-11-27T13:35:34.490000Z,2023-11-27T15:40:42.714000Z,2023-11-27T13:35:34.996285Z,1221.0,CBCT4R5Q,239,"English, Greek, Italian",White/Caucasian,26,Female,White,Greece,Greece,Greece,Greek,DATA_EXPIRED,DATA_EXPIRED
656496791731db88050936ac,605cd2aefa163d506547bb2d,APPROVED,2023-11-27T13:15:37.165000Z,2023-11-27T13:36:58.540000Z,2023-11-27T15:40:45.767000Z,2023-11-27T13:36:59.007723Z,1282.0,CBCT4R5Q,445,English,Mixed,37,Female,Mixed,South Africa,South Africa,South Africa,English,No,Part-Time
656496859057102fdefd948b,614cf1b2025f87af3ca56ebd,APPROVED,2023-11-27T13:16:03.504000Z,2023-11-27T13:24:47.409000Z,2023-11-27T15:40:49.616000Z,2023-11-27T13:24:48.224898Z,524.0,CBCT4R5Q,303,"English, Afrikaans",African,34,Female,Black,South Africa,South Africa,South Africa,English,Yes,Full-Time
6564968d099f0f5d4ce4ccdd,63bef4ba6289f95370399316,APPROVED,2023-11-27T13:16:04.571000Z,2023-11-27T13:22:19.772000Z,2023-11-27T15:40:51.347000Z,2023-11-27T13:22:20.527356Z,376.0,CBCT4R5Q,109,English,White/Caucasian,32,Female,White,United Kingdom,United Kingdom,United Kingdom,English,No,DATA_EXPIRED
6564968e2dbc11904e093660,5f56a6646e11c111125188bc,APPROVED,2023-11-27T13:15:58.907000Z,2023-11-27T13:37:50.122000Z,2023-11-27T15:40:47.370000Z,2023-11-27T13:37:51.142476Z,1312.0,CBCT4R5Q,275,"English, Afrikaans",African,26,Female,Black,South Africa,South Africa,South Africa,English,DATA_EXPIRED,Part-Time
656496a5008a308424ccd42e,5fb3ad8ef450250009244dfc,APPROVED,2023-11-27T13:16:26.580000Z,2023-11-27T13:23:37.689000Z,2023-11-27T15:40:54.782000Z,2023-11-27T13:23:38.140239Z,432.0,CBCT4R5Q,179,"English, Italian, Chinese",White/Caucasian,28,Female,White,Italy,Italy,Italy,Italian,No,Full-Time
656496b6a6f7533c5e60c585,6148a3fea250b4d3b0f7825f,APPROVED,2023-11-27T13:16:57.208000Z,2023-11-27T13:27:01.389000Z,2023-11-27T15:41:02.652000Z,2023-11-27T13:27:01.832112Z,605.0,CBCT4R5Q,170,"English, German, Latvian, Russian",White/Caucasian,26,Female,White,Latvia,Latvia,Latvia,Russian,No,Full-Time
656496be6f701d1037ceb165,5bd790cb6d8285000125966b,APPROVED,2023-11-27T13:16:46.845000Z,2023-11-27T13:21:13.275000Z,2023-11-27T15:40:57.794000Z,2023-11-27T13:21:13.776634Z,267.0,CBCT4R5Q,117,"English, Swedish",White/Caucasian,29,Female,White,Sweden,Sweden,Sweden,Swedish,No,Unemployed (and job seeking)
656496c4f2ab4561316ebead,5e8348450e128b0539d77ddc,APPROVED,2023-11-27T13:17:00.040000Z,2023-11-27T13:29:43.299000Z,2023-11-27T15:41:04.034000Z,2023-11-27T13:29:43.796826Z,764.0,CBCT4R5Q,425,"English, Estonian, Russian",White/Caucasian,34,Female,White,Estonia,Estonia,Estonia,Estonian,Yes,Other
656496c7d618f32d72ccd3e9,6129dc084c55f609fd62f0bc,APPROVED,2023-11-27T13:16:55.357000Z,2023-11-27T13:36:33.886000Z,2023-11-27T15:41:00.478000Z,2023-11-27T13:36:34.419582Z,1179.0,CBCT4R5Q,168,English,African,30,Female,Black,South Africa,South Africa,South Africa,English,Yes,Other
656496cbe9ab422cbaee4b79,61391693d47000d783145b93,APPROVED,2023-11-27T13:17:26.895000Z,2023-11-27T13:26:04.351000Z,2023-11-27T15:41:08.582000Z,2023-11-27T13:26:04.858540Z,518.0,CBCT4R5Q,280,English,White/Caucasian,27,Female,White,United States,United Kingdom,United States,English,DATA_EXPIRED,DATA_EXPIRED
656496daf6a63dd5156ebe5b,645d3d0d4ba9fb55a0652314,APPROVED,2023-11-27T13:18:31.410000Z,2023-11-27T13:34:31.052000Z,2023-11-27T15:41:33.357000Z,2023-11-27T13:34:31.547695Z,960.0,CBCT4R5Q,135,English,African,29,Female,Black,South Africa,South Africa,South Africa,English,No,Full-Time
655b5fabc858d3b28761f4ea,60f5b52aded3aa62d82e5bbb,APPROVED,2023-11-20T13:31:52.510000Z,2023-11-20T13:45:55.306000Z,2023-11-20T14:10:33.501000Z,2023-11-20T13:45:56.334631Z,843.0,CBCT4R5Q,267,English,African,25,Male,Black,Zimbabwe,South Africa,Zimbabwe,English,Yes,Other
655b60182c0f6ebbf87ba97f,60fb1badd41aa601181a9688,APPROVED,2023-11-20T13:33:29.442000Z,2023-11-20T13:46:27.055000Z,2023-11-20T14:10:38.594000Z,2023-11-20T13:46:27.966580Z,778.0,CBCT4R5Q,106,English,African,22,Male,Black,South Africa,South Africa,South Africa,English,DATA_EXPIRED,DATA_EXPIRED
655b60341e5c35bb453630e5,5fd34217836ff6000abdcbf9,APPROVED,2023-11-20T13:33:40.591000Z,2023-11-20T13:46:04.786000Z,2023-11-20T14:10:40.092000Z,2023-11-20T13:46:05.434739Z,745.0,CBCT4R5Q,127,"English, Hungarian, German, Spanish",White/Caucasian,21,Male,White,Hungary,Hungary,Hungary,Hungarian,DATA_EXPIRED,DATA_EXPIRED
655b603c8a819561e9389f77,5f075b60ae5a1d3504e8ccb1,APPROVED,2023-11-20T13:33:48.640000Z,2023-11-20T13:39:37.961000Z,2023-11-20T14:10:41.516000Z,2023-11-20T13:39:38.479344Z,350.0,CBCT4R5Q,288,"English, Portuguese, Spanish",White/Caucasian,23,Male,White,Portugal,Portugal,Portugal,Portuguese,Yes,Part-Time
655b607df2fc488e37f9268a,5bf1a218f5e4460001e033c6,APPROVED,2023-11-20T13:34:53.461000Z,2023-11-20T13:42:30.872000Z,2023-11-20T14:10:45.994000Z,2023-11-20T13:42:31.563400Z,458.0,CBCT4R5Q,261,"French, Portuguese, Spanish, English",Middle Eastern,24,Male,White,Brazil,Portugal,Brazil,Portuguese,Yes,Full-Time
655b60809721d9fae87fda6e,60ecb09e5a3860ba0c81fdd8,APPROVED,2023-11-20T13:35:00.652000Z,2023-11-20T13:39:34.525000Z,2023-11-20T14:10:47.716000Z,2023-11-20T13:39:34.963363Z,274.0,CBCT4R5Q,226,"English, Afrikaans",African,24,Male,Black,South Africa,South Africa,South Africa,English,Yes,Part-Time
655b6096057db06914242669,60b62b9daab749081c5b88f0,APPROVED,2023-11-20T13:35:26.705000Z,2023-11-20T13:41:17.008000Z,2023-11-20T14:10:53.241000Z,2023-11-20T13:41:17.535518Z,351.0,CBCT4R5Q,241,English,African,22,Male,Black,South Africa,South Africa,South Africa,English,DATA_EXPIRED,DATA_EXPIRED
655b60978b6a23710ec5611f,5fdb8dbac85359924ce3220b,APPROVED,2023-11-20T13:35:19.620000Z,2023-11-20T13:50:41.022000Z,2023-11-20T14:10:49.493000Z,2023-11-20T13:50:41.723562Z,922.0,CBCT4R5Q,146,"English, Portuguese",White/Caucasian,21,Male,White,Portugal,Portugal,Portugal,Portuguese,Yes,Other
655b601cdc2fc600f15c9ac3,6310a302cb45e9d39d8abbc4,APPROVED,2023-11-20T13:33:20.107000Z,2023-11-20T13:39:33.325000Z,2023-11-20T14:10:35.434000Z,2023-11-20T13:39:33.836673Z,374.0,CBCT4R5Q,180,English,White/Caucasian,24,Female,White,United States,Netherlands,United States,English,No,Part-Time
655b606dc6386e7d1c740747,60954946b22b59747d00217e,APPROVED,2023-11-20T13:34:52.152000Z,2023-11-20T13:46:57.166000Z,2023-11-20T14:10:44.396000Z,2023-11-20T13:46:57.663769Z,726.0,CBCT4R5Q,177,English,Mixed,25,Female,Mixed,United Kingdom,South Africa,South Africa,English,No,Unemployed (and job seeking)
655b60764fd9fb7c60363045,61079db3e10fdd6232985023,APPROVED,2023-11-20T13:34:50.593000Z,2023-11-20T14:03:51.535000Z,2023-11-20T14:10:43.132000Z,2023-11-20T14:03:52.445024Z,1741.0,CBCT4R5Q,136,English,African,24,Female,Black,South Africa,South Africa,South Africa,English,Yes,Full-Time
655b60812c0f6ebbf87ba98f,5cac8aad785bb400156d3431,APPROVED,2023-11-20T13:35:36.601000Z,2023-11-20T13:45:05.106000Z,2023-11-20T14:10:56.262000Z,2023-11-20T13:45:05.724763Z,569.0,CBCT4R5Q,337,"Italian, English",White/Caucasian,24,Female,White,Italy,Italy,Italy,Italian,DATA_EXPIRED,DATA_EXPIRED
655b6096dcb710c84b9d4203,60a7b6524be5c3b709595638,APPROVED,2023-11-20T13:35:20.440000Z,2023-11-20T13:42:11.403000Z,2023-11-20T14:10:50.478000Z,2023-11-20T13:42:11.918770Z,411.0,CBCT4R5Q,306,"English, Portuguese, Romanian, Russian",Mixed,24,Female,White,Moldova,Portugal,Moldova,Romanian,Yes,DATA_EXPIRED
655b609a5b2ca3f101b53ca1,60dc66cf5ccf319978f4c23b,APPROVED,2023-11-20T13:35:27.167000Z,2023-11-20T13:41:31.098000Z,2023-11-20T14:10:54.916000Z,2023-11-20T13:41:31.602749Z,364.0,CBCT4R5Q,261,"Portuguese, English",White/Caucasian,25,Female,White,Portugal,Portugal,Portugal,Portuguese,No,Full-Time
655b60abf61a7408389d4321,604909c9848a38f02de05a92,APPROVED,2023-11-20T13:35:44.600000Z,2023-11-20T13:44:06.538000Z,2023-11-20T14:10:58.003000Z,2023-11-20T13:44:07.090625Z,502.0,CBCT4R5Q,225,"English, Portuguese, Spanish",White / Sephardic Jew,21,Female,White,Portugal,Portugal,Portugal,Portuguese,DATA_EXPIRED,DATA_EXPIRED
655b7a95fd19fcb4515d572e,60059c69e9950473fb485ec3,APPROVED,2023-11-20T15:26:45.542000Z,2023-11-20T15:44:47.915000Z,2023-11-20T16:24:04.108000Z,2023-11-20T15:44:48.408247Z,1083.0,CBCT4R5Q,352,English,Mixed,60,Male,Mixed,South Africa,South Africa,South Africa,English,No,Part-Time
655b7a9d9da948a42b71918d,5a646e2435f26b0001492aa3,APPROVED,2023-11-20T15:27:07.370000Z,2023-11-20T16:03:24.667000Z,2023-11-20T16:24:05.303000Z,2023-11-20T16:03:25.609602Z,2178.0,CBCT4R5Q,760,"English, Russian",White/Caucasian,48,Male,White,Italy,Italy,Italy,Italian,No,Full-Time
655b7aa76f037b69869e2770,5b27c8c9051c6e00019d0c96,APPROVED,2023-11-20T15:26:31.587000Z,2023-11-20T15:42:11.752000Z,2023-11-20T16:24:02.836000Z,2023-11-20T15:42:12.232227Z,941.0,CBCT4R5Q,502,English,Latino/Hispanic,55,Male,Mixed,"Venezuela, Bolivarian Republic of",Chile,"Venezuela, Bolivarian Republic of",Spanish,DATA_EXPIRED,DATA_EXPIRED
655b7bd3ba5806ee4a2d1cf0,615324515ce68a5dbe37eec7,APPROVED,2023-11-20T15:31:35.506000Z,2023-11-20T15:40:57.919000Z,2023-11-20T16:24:15.607000Z,2023-11-20T15:40:58.473623Z,563.0,CBCT4R5Q,374,"English, Spanish",Latino/Hispanic,52,Male,White,Spain,Spain,Spain,Spanish,No,Full-Time
655b7c025f0369fa90dc488a,6159e5f964d5b78cedb9c192,APPROVED,2023-11-20T15:32:21.260000Z,2023-11-20T15:38:49.639000Z,2023-11-20T16:24:18.729000Z,2023-11-20T15:38:50.145516Z,389.0,CBCT4R5Q,627,"Portuguese, English",White/Caucasian,46,Male,White,Portugal,Portugal,Portugal,Portuguese,No,Full-Time
655b7c03dd95c4975b81e27b,5cff4ed26d6326001acf7022,APPROVED,2023-11-20T15:32:27.935000Z,2023-11-20T15:37:04.913000Z,2023-11-20T16:24:20.095000Z,2023-11-20T15:37:05.385228Z,277.0,CBCT4R5Q,340,English,White/Caucasian,55,Male,White,United Kingdom,Greece,United Kingdom,English,No,Full-Time
655b7c046026b99e465e432b,60512fdbba1a7d95abaab18c,APPROVED,2023-11-20T15:32:20.549000Z,2023-11-20T15:42:12.283000Z,2023-11-20T16:24:17.158000Z,2023-11-20T15:42:12.876673Z,592.0,CBCT4R5Q,558,"Portuguese, English",White/Caucasian,48,Male,White,South Africa,Portugal,Portugal,Portuguese,No,Full-Time
655b7c096bb415a82fcb1de4,5ecaa7988473f05ebdfc107c,APPROVED,2023-11-20T15:32:28.693000Z,2023-11-20T15:38:56.111000Z,2023-11-20T16:24:21.284000Z,2023-11-20T15:38:56.562945Z,388.0,CBCT4R5Q,643,"English, German, French, Spanish",White/Caucasian,46,Male,White,Italy,Italy,Italy,Italian,No,Full-Time
655b7c3cbf2ea3aea240c9bc,5d9b4e21b56c51035c35cb3d,APPROVED,2023-11-20T15:33:18.717000Z,2023-11-20T15:43:34.032000Z,2023-11-20T16:24:26.258000Z,2023-11-20T15:43:34.565696Z,616.0,CBCT4R5Q,736,"English, Spanish, Portuguese",White/Caucasian,48,Male,White,Portugal,Portugal,Portugal,Portuguese,No,Full-Time
655b7c44d74c3ffe668598dd,5e74ab90a8712c41d2b2afae,APPROVED,2023-11-20T15:33:29.871000Z,2023-11-20T15:38:38.116000Z,2023-11-20T16:24:28.933000Z,2023-11-20T15:38:38.719511Z,309.0,CBCT4R5Q,671,"English, Portuguese, Spanish",Middle Eastern,47,Male,White,Spain,Spain,Spain,Spanish,No,DATA_EXPIRED
655b7aed30bfa8c0c0116be4,5d8501eac3a7360001b3301a,APPROVED,2023-11-20T15:27:47.833000Z,2023-11-20T15:35:14.669000Z,2023-11-20T16:24:07.837000Z,2023-11-20T15:35:15.138365Z,447.0,CBCT4R5Q,178,English,Caribbean,58,Female,Black,United Kingdom,United Kingdom,United Kingdom,English,No,DATA_EXPIRED
655b7b353e722881e4203cbe,5a9d6bc3b5e2110001c6de60,APPROVED,2023-11-20T15:28:57.924000Z,2023-11-20T15:36:23.050000Z,2023-11-20T16:24:09.944000Z,2023-11-20T15:36:23.633404Z,446.0,CBCT4R5Q,826,English,White/Caucasian,59,Female,White,United Kingdom,United Kingdom,United Kingdom,English,No,"Not in paid work (e.g. homemaker', 'retired or disabled)"
655b7b5166bc7371a0b27bd6,60dc77a0684f892da794c91e,APPROVED,2023-11-20T15:29:30.087000Z,2023-11-20T15:35:39.703000Z,2023-11-20T16:24:12.161000Z,2023-11-20T15:35:40.284630Z,370.0,CBCT4R5Q,595,English,White/Caucasian,54,Female,White,Canada,Canada,Canada,English,No,Full-Time
655b7bc34455e0439d9e2798,594e17600f31490001c79e0c,APPROVED,2023-11-20T15:31:26.249000Z,2023-11-20T15:44:19.185000Z,2023-11-20T16:24:14.221000Z,2023-11-20T15:44:19.703664Z,773.0,CBCT4R5Q,984,English,White/Caucasian,53,Female,White,United Kingdom,United Kingdom,United Kingdom,English,No,Unemployed (and job seeking)
655b7c0ed74c3ffe668598d5,5f6753a4d7573032c517062d,APPROVED,2023-11-20T15:32:43.557000Z,2023-11-20T15:44:07.924000Z,2023-11-20T16:24:24.604000Z,2023-11-20T15:44:08.424530Z,685.0,CBCT4R5Q,269,"English, Portuguese",White/Caucasian,58,Female,White,Portugal,Portugal,Portugal,Portuguese,No,Full-Time
655b7c0f05ad3ae44b813afa,60ada064782b7869e0e55dcb,APPROVED,2023-11-20T15:32:37.709000Z,2023-11-20T15:42:35.393000Z,2023-11-20T16:24:23.238000Z,2023-11-20T15:42:35.914800Z,598.0,CBCT4R5Q,438,"Portuguese, English",White/Caucasian,56,Female,White,Portugal,Portugal,Portugal,Portuguese,No,Full-Time
655b7c322f5d5d07c60cf350,60db3d9f4080758b62c555aa,APPROVED,2023-11-20T15:33:48.279000Z,2023-11-20T15:39:18.315000Z,2023-11-20T16:24:32.395000Z,2023-11-20T15:39:19.116355Z,331.0,CBCT4R5Q,437,"French, English, Portuguese, Spanish, Italian",White/Caucasian,48,Female,White,Angola,Portugal,Portugal,English,No,Full-Time
655b7c4a2a915a84eed0cc7b,5f7da6c8ce114d29e1136c83,APPROVED,2023-11-20T15:33:34.758000Z,2023-11-20T15:44:06.842000Z,2023-11-20T16:24:30.850000Z,2023-11-20T15:44:07.386938Z,633.0,CBCT4R5Q,305,English,White/Caucasian,58,Female,White,United Kingdom,United Kingdom,United Kingdom,English,No,Part-Time
655b7c6a0678585dd5e7b36e,608a707551bc7e59b6a58883,APPROVED,2023-11-20T15:35:21.372000Z,2023-11-20T15:41:48.191000Z,2023-11-20T16:24:36.580000Z,2023-11-20T15:41:48.713286Z,387.0,CBCT4R5Q,600,English,White/Caucasian,47,Female,White,United Kingdom,United Kingdom,United Kingdom,English,No,Full-Time
655b7caa8659dcabcd7078c8,5ada203ce34a050001b85276,APPROVED,2023-11-20T15:35:06.228000Z,2023-11-20T15:53:33.342000Z,2023-11-20T16:24:33.940000Z,2023-11-20T15:53:33.998696Z,1108.0,CBCT4R5Q,797,"English, Spanish",White / Sephardic Jew,57,Female,White,Spain,Spain,Spain,Spanish,No,Full-Time
6564edbe01e64afe40c866fb,5c919bd147fad40011be82c8,APPROVED,2023-11-27T19:28:05.805000Z,2023-11-27T19:40:25.154000Z,2023-11-27T21:31:40.895000Z,2023-11-27T19:40:25.721660Z,740.0,CBCT4R5Q,1398,English,White/Caucasian,74,Male,White,United Kingdom,United Kingdom,United Kingdom,English,No,Part-Time
6564efb55a814897844825fb,647ae33488a46aeb7e315da1,APPROVED,2023-11-27T19:36:34.927000Z,2023-11-27T19:47:04.876000Z,2023-11-27T21:31:46.412000Z,2023-11-27T19:47:05.480595Z,630.0,CBCT4R5Q,277,English,White/Caucasian,70,Male,White,United Kingdom,United Kingdom,United Kingdom,English,No,Other
6564efbf4fa9699c080c34d1,5e272bd90e144395de81dd53,APPROVED,2023-11-27T19:36:36.404000Z,2023-11-27T19:42:28.503000Z,2023-11-27T21:31:48.293000Z,2023-11-27T19:42:28.991198Z,353.0,CBCT4R5Q,1727,English,White/Caucasian,66,Male,White,United Kingdom,United Kingdom,United Kingdom,English,No,"Not in paid work (e.g. homemaker', 'retired or disabled)"
6564efc722d8a76ede8e577a,5810f69c7d3e6d0001df29a5,APPROVED,2023-11-27T19:36:44.135000Z,2023-11-27T19:43:47.546000Z,2023-11-27T21:31:51.078000Z,2023-11-27T19:43:48.255771Z,424.0,CBCT4R5Q,1308,English,White/Caucasian,70,Male,White,United Kingdom,United Kingdom,United Kingdom,English,DATA_EXPIRED,"Not in paid work (e.g. homemaker', 'retired or disabled)"
6564eff05cd55114abb258c4,57051842de5095000a18ee63,APPROVED,2023-11-27T19:37:25.772000Z,2023-11-27T19:51:11.588000Z,2023-11-27T21:31:54.239000Z,2023-11-27T19:51:12.175796Z,826.0,CBCT4R5Q,2679,English,White/Caucasian,65,Male,White,United Kingdom,United Kingdom,United Kingdom,English,No,DATA_EXPIRED
6564f04cde4976d2bd35be52,59ef022eae9f950001d84a43,APPROVED,2023-11-27T19:38:56.962000Z,2023-11-27T19:44:27.660000Z,2023-11-27T21:31:55.476000Z,2023-11-27T19:44:28.142868Z,331.0,CBCT4R5Q,1512,English,White/Caucasian,65,Male,White,United Kingdom,United Kingdom,United Kingdom,English,No,Full-Time
6564f0ec9eb3690271c87e46,5ddfa82bb28cf701132e7a78,APPROVED,2023-11-27T19:41:35.309000Z,2023-11-27T19:48:04.421000Z,2023-11-27T21:32:01.380000Z,2023-11-27T19:48:05.385154Z,390.0,CBCT4R5Q,1080,English,White/Caucasian,65,Male,White,United Kingdom,United Kingdom,United Kingdom,English,No,"Not in paid work (e.g. homemaker', 'retired or disabled)"
6564f14d90d4b6f61000a413,63da5521f23372b30f4f0b77,APPROVED,2023-11-27T19:43:17.185000Z,2023-11-27T19:51:39.852000Z,2023-11-27T21:32:10.251000Z,2023-11-27T19:51:40.321916Z,503.0,CBCT4R5Q,537,English,White/Caucasian,68,Male,White,United Kingdom,United Kingdom,United Kingdom,English,No,"Not in paid work (e.g. homemaker', 'retired or disabled)"
6564f162cf288e8d36c39477,616529cd79b29b3850c420cb,APPROVED,2023-11-27T19:43:36.038000Z,2023-11-27T19:53:11.358000Z,2023-11-27T21:32:14.362000Z,2023-11-27T19:53:11.806075Z,576.0,CBCT4R5Q,871,"English, German",White / Sephardic Jew,72,Male,White,Germany,Germany,Germany,German,No,"Not in paid work (e.g. homemaker', 'retired or disabled)"
6564f1749140dccdaa20b438,5ee4c4b42c280d1cd26cfe3d,APPROVED,2023-11-27T19:43:52.971000Z,2023-11-27T19:53:22.661000Z,2023-11-27T21:32:17.108000Z,2023-11-27T19:53:23.274312Z,570.0,CBCT4R5Q,1278,English,White/Caucasian,71,Male,White,United Kingdom,United Kingdom,United Kingdom,English,No,Part-Time
6564f22c993346095849b3cb,601b137a1e2f3c47fb566272,APPROVED,2023-11-27T19:47:02.054000Z,2023-11-27T19:59:19.199000Z,2023-11-27T21:32:22.917000Z,2023-11-27T19:59:19.758406Z,738.0,CBCT4R5Q,1429,English,White/Caucasian,72,Male,White,United Kingdom,United Kingdom,United Kingdom,English,No,"Not in paid work (e.g. homemaker', 'retired or disabled)"
6564f23090d4b6f61000a47f,59609bdb599b690001ef2c59,APPROVED,2023-11-27T19:46:56.677000Z,2023-11-27T19:55:54.140000Z,2023-11-27T21:32:20.506000Z,2023-11-27T19:55:54.780182Z,538.0,CBCT4R5Q,1374,English,White/Caucasian,72,Male,White,United Kingdom,New Zealand,United Kingdom,English,No,Unemployed (and job seeking)
6564f26d2e1b217c3fc395cc,5d599edd98cf220016ec562e,APPROVED,2023-11-27T19:47:57.407000Z,2023-11-27T20:03:58.761000Z,2023-11-27T21:32:24.315000Z,2023-11-27T20:04:00.832331Z,962.0,CBCT4R5Q,1217,English,White/Caucasian,66,Male,White,United Kingdom,United Kingdom,United Kingdom,English,No,"Not in paid work (e.g. homemaker', 'retired or disabled)"
6564f26d778b5e1641ad6fc7,59e8a9b1d838ae0001850c89,APPROVED,2023-11-27T19:47:57.802000Z,2023-11-27T19:59:12.290000Z,2023-11-27T21:32:25.786000Z,2023-11-27T19:59:12.800034Z,675.0,CBCT4R5Q,1998,English,White/Caucasian,72,Male,White,United Kingdom,United Kingdom,United Kingdom,English,No,"Not in paid work (e.g. homemaker', 'retired or disabled)"
6564ec792ce7e1e95673c99f,614f7300717876eb9b5601b0,APPROVED,2023-11-27T19:22:43.652000Z,2023-11-27T19:34:34.793000Z,2023-11-27T21:31:36.442000Z,2023-11-27T19:34:35.342358Z,712.0,CBCT4R5Q,646,English,White/Caucasian,67,Female,White,United Kingdom,Canada,United Kingdom,English,No,"Not in paid work (e.g. homemaker', 'retired or disabled)"
6564ec7aa040df1986a96279,5fdf5df1a4d824782ad3e9e2,APPROVED,2023-11-27T19:22:38.158000Z,2023-11-27T19:33:07.570000Z,2023-11-27T21:31:33.961000Z,2023-11-27T19:33:08.108701Z,630.0,CBCT4R5Q,584,English,White/Caucasian,65,Female,White,United Kingdom,United Kingdom,United Kingdom,English,No,DATA_EXPIRED
6564ed56142676a69e1f1632,5bc35154e7382100017cb9ef,APPROVED,2023-11-27T19:26:23.855000Z,2023-11-27T19:34:16.457000Z,2023-11-27T21:31:38.545000Z,2023-11-27T19:34:17.254018Z,473.0,CBCT4R5Q,1665,English,White/Caucasian,74,Female,White,United Kingdom,United Kingdom,United Kingdom,English,No,"Not in paid work (e.g. homemaker', 'retired or disabled)"
6564ef5c6f8163d131fa5cd2,5ea14bf64f71e2000acbc618,APPROVED,2023-11-27T19:36:04.876000Z,2023-11-27T19:46:26.941000Z,2023-11-27T21:31:45.422000Z,2023-11-27T19:46:27.542965Z,623.0,CBCT4R5Q,1468,"English, German",White/Caucasian,66,Female,White,Germany,United Kingdom,Germany,German,No,"Not in paid work (e.g. homemaker', 'retired or disabled)"
6564ef80c8f4ad744cc342a1,597b92f0a33b0d0001fd3d90,APPROVED,2023-11-27T19:35:32.824000Z,2023-11-27T19:42:30.755000Z,2023-11-27T21:31:43.659000Z,2023-11-27T19:42:31.265705Z,418.0,CBCT4R5Q,2487,English,White/Caucasian,68,Female,White,United Kingdom,United Kingdom,United Kingdom,English,No,Full-Time
6564efed4946a6f81640de89,5c5dd15d6474da000173e397,APPROVED,2023-11-27T19:37:22.771000Z,2023-11-27T19:48:31.433000Z,2023-11-27T21:31:52.766000Z,2023-11-27T19:48:31.941381Z,669.0,CBCT4R5Q,836,English,White/Caucasian,69,Female,White,United Kingdom,United Kingdom,United Kingdom,English,No,"Not in paid work (e.g. homemaker', 'retired or disabled)"
6564f0596f8163d131fa5d1e,5ea18fee43087803c739ccef,APPROVED,2023-11-27T19:39:11.759000Z,2023-11-27T19:46:15.517000Z,2023-11-27T21:31:57.722000Z,2023-11-27T19:46:16.108945Z,424.0,CBCT4R5Q,773,English,White/Caucasian,65,Female,White,United Kingdom,United Kingdom,United Kingdom,English,DATA_EXPIRED,Part-Time
6564f0a7ac885e1dc5b259d4,61684a263a8f291d6b91bc71,APPROVED,2023-11-27T19:40:28.081000Z,2023-11-27T19:48:34.722000Z,2023-11-27T21:31:59.967000Z,2023-11-27T19:48:35.141241Z,487.0,CBCT4R5Q,750,English,White/Caucasian,71,Female,White,United Kingdom,United Kingdom,United Kingdom,English,DATA_EXPIRED,"Not in paid work (e.g. homemaker', 'retired or disabled)"
6564f1119349a91f9e20b4ab,60fff225fb2da6129caf029a,APPROVED,2023-11-27T19:42:15.094000Z,2023-11-27T19:56:41.591000Z,2023-11-27T21:32:05.758000Z,2023-11-27T19:56:42.156458Z,867.0,CBCT4R5Q,824,"English, Lithuanian, Polish, Russian",White/Caucasian,69,Female,White,Lithuania,United Kingdom,Lithuania,Lithuanian,No,"Not in paid work (e.g. homemaker', 'retired or disabled)"
6564f128f48f99056733d0e0,5a496776f7b7bc00014e1150,APPROVED,2023-11-27T19:42:39.617000Z,2023-11-27T19:49:59.932000Z,2023-11-27T21:32:07.574000Z,2023-11-27T19:50:00.358075Z,441.0,CBCT4R5Q,2442,English,White/Caucasian,68,Female,White,United Kingdom,United Kingdom,United Kingdom,English,No,Part-Time
6564f13e3fff62c11976cb40,5f57fd0328b04b3489d452e9,APPROVED,2023-11-27T19:42:58.196000Z,2023-11-27T19:47:43.157000Z,2023-11-27T21:32:08.925000Z,2023-11-27T19:47:43.654486Z,285.0,CBCT4R5Q,800,English,White/Caucasian,68,Female,White,United Kingdom,United Kingdom,United Kingdom,English,No,"Not in paid work (e.g. homemaker', 'retired or disabled)"
6564f153e758abc3acda9b94,5ded9996838b4f45b83bb3f9,APPROVED,2023-11-27T19:43:59.480000Z,2023-11-27T20:00:42.023000Z,2023-11-27T21:32:18.705000Z,2023-11-27T20:00:42.503398Z,1003.0,CBCT4R5Q,4348,English,White/Caucasian,71,Female,White,United States,United States,United States,English,DATA_EXPIRED,DATA_EXPIRED
6564f1572b5b09c97edb632b,597cdb8ffa99240001dec26e,APPROVED,2023-11-27T19:43:25.829000Z,2023-11-27T19:57:40.420000Z,2023-11-27T21:32:12.011000Z,2023-11-27T19:57:40.868103Z,855.0,CBCT4R5Q,1314,English,White/Caucasian,66,Female,White,United Kingdom,United Kingdom,United Kingdom,English,No,"Not in paid work (e.g. homemaker', 'retired or disabled)"
65457fd3e8fa0ee905ffe6f3,614e45d76902c0c9c6bd300d,APPROVED,2023-11-03T23:18:46.846000Z,2023-11-03T23:31:17.839000Z,2023-11-03T23:35:28.972000Z,2023-11-03T23:31:18.674648Z,751.0,CBCT4R5Q,111,"English, Spanish",Latino/Hispanic,25,Male,Mixed,Mexico,Mexico,Mexico,Spanish,No,Full-Time
65457fd59bf28587089b0bf4,6154d62ee521da99b26e03ea,APPROVED,2023-11-03T23:18:45.584000Z,2023-11-03T23:30:15.750000Z,2023-11-03T23:35:26.711000Z,2023-11-03T23:30:16.237801Z,691.0,CBCT4R5Q,101,"Spanish, English",Latino/Hispanic,21,Male,Mixed,Mexico,Mexico,Mexico,Spanish,Yes,Unemployed (and job seeking)
654580163bef930fe017af2d,5e8caee6b47439057c61db9f,APPROVED,2023-11-03T23:19:50.012000Z,2023-11-03T23:30:03.262000Z,2023-11-03T23:35:31.173000Z,2023-11-03T23:30:03.786217Z,614.0,CBCT4R5Q,425,"Polish, English",White/Caucasian,22,Male,White,Poland,Poland,Poland,Polish,DATA_EXPIRED,Full-Time
65457fbc097f2d5371bc6225,613f7e7bb3f0ae74dccd6a4e,APPROVED,2023-11-03T23:18:20.484000Z,2023-11-03T23:21:44.478000Z,2023-11-03T23:34:56.969000Z,2023-11-03T23:21:44.998120Z,204.0,CBCT4R5Q,137,"English, Spanish",White Mexican,25,Female,Other,Mexico,Mexico,Mexico,Spanish,No,Unemployed (and job seeking)
65457fc1195bb60eb98a09b1,607986447baf44d005eeb875,APPROVED,2023-11-03T23:18:35.228000Z,2023-11-03T23:25:41.416000Z,2023-11-03T23:35:04.038000Z,2023-11-03T23:25:41.840384Z,427.0,CBCT4R5Q,161,"English, Portuguese",White/Caucasian,23,Female,White,Portugal,Portugal,Portugal,Portuguese,Yes,Part-Time
65457fc9d9942b24badda435,5ed9111a0e4140448926fcd4,APPROVED,2023-11-03T23:18:33.273000Z,2023-11-03T23:29:18.876000Z,2023-11-03T23:35:01.805000Z,2023-11-03T23:29:19.438002Z,646.0,CBCT4R5Q,543,"English, Portuguese",White/Caucasian,54,Female,White,Portugal,Portugal,Portugal,Portuguese,No,Full-Time
65647bc1a132b4c63ea33218,5f350f459bf003464a03ea5e,APPROVED,2023-11-27T11:21:37.399000Z,2023-11-27T11:28:11.860000Z,2023-11-27T12:49:23.413000Z,2023-11-27T11:28:12.426810Z,395.0,CBCT4R5Q,273,"English, Italian",White/Caucasian,22,Male,White,Italy,Italy,Italy,Italian,Yes,Other
65647bccb2c009d1f37a2921,60185b8b9746fd0b466cb59f,APPROVED,2023-11-27T11:21:48.070000Z,2023-11-27T11:28:48.476000Z,2023-11-27T12:49:24.855000Z,2023-11-27T11:28:48.899518Z,421.0,CBCT4R5Q,167,"English, Polish",White/Caucasian,22,Male,White,Poland,Poland,Poland,Polish,Yes,Other
65647c2bb2c009d1f37a293c,60f030dca19a06db1b50d16a,APPROVED,2023-11-27T11:23:27.604000Z,2023-11-27T11:29:50.338000Z,2023-11-27T12:49:31.326000Z,2023-11-27T11:29:50.751830Z,383.0,CBCT4R5Q,334,"English, Italian",White/Caucasian,22,Male,White,United States,Italy,United States,Italian,Yes,Other
65647c3c889b8fb9bd2ecd76,616fe5c2b20b399b883f6bb5,APPROVED,2023-11-27T11:23:40.891000Z,2023-11-27T11:31:37.227000Z,2023-11-27T12:49:36.995000Z,2023-11-27T11:31:37.761928Z,477.0,CBCT4R5Q,207,English,African,22,Male,Black,South Africa,South Africa,South Africa,English,Yes,Full-Time
65647c441d4b7b347b6afb08,60da38f17aa096bb17c836e5,APPROVED,2023-11-27T11:24:56.903000Z,2023-11-27T11:34:03.006000Z,2023-11-27T12:49:50.225000Z,2023-11-27T11:34:03.520064Z,547.0,CBCT4R5Q,233,"Hungarian, English",White/Caucasian,20,Male,White,Hungary,Hungary,Hungary,Hungarian,Yes,DATA_EXPIRED
65647c4a9bcc8f9ac56f6803,6061e47ea7611d41855205b9,APPROVED,2023-11-27T11:23:54.584000Z,2023-11-27T11:34:40.865000Z,2023-11-27T12:49:40.210000Z,2023-11-27T11:34:41.391074Z,647.0,CBCT4R5Q,206,"English, Polish",Other (please feel free to let us know your ethnicity via email),21,Male,White,Poland,Poland,Poland,Polish,Yes,Other
65647c5d896a5cb785b5961c,616ea13883866ca0c836c13c,APPROVED,2023-11-27T11:24:13.082000Z,2023-11-27T11:55:38.107000Z,2023-11-27T12:49:41.436000Z,2023-11-27T11:55:38.803185Z,1886.0,CBCT4R5Q,307,"English, Afrikaans",African,21,Male,Black,South Africa,South Africa,South Africa,English,Yes,Unemployed (and job seeking)
65647c7014ab2689267ecfef,6124a4ba3df07e768bd9c90b,APPROVED,2023-11-27T11:24:43.667000Z,2023-11-27T11:35:23.886000Z,2023-11-27T12:49:44.357000Z,2023-11-27T11:35:24.484554Z,641.0,CBCT4R5Q,407,English,Black/African American,21,Male,Black,South Africa,South Africa,South Africa,English,Yes,Other
65647c8071ad76b118248632,6114c64e70ce0ea9140a2296,APPROVED,2023-11-27T11:24:48.167000Z,2023-11-27T11:33:05.226000Z,2023-11-27T12:49:45.980000Z,2023-11-27T11:33:05.691344Z,498.0,CBCT4R5Q,415,"Polish, English",White/Caucasian,21,Male,White,Poland,Poland,Poland,Polish,DATA_EXPIRED,DATA_EXPIRED
65647c9b1ff483ef00b5a5c3,60e60d5a9de1465241ffd473,APPROVED,2023-11-27T11:25:15.915000Z,2023-11-27T11:32:22.576000Z,2023-11-27T12:49:54.248000Z,2023-11-27T11:32:23.197433Z,427.0,CBCT4R5Q,259,"Portuguese, English, Spanish",White/Caucasian,25,Male,White,Portugal,Portugal,Portugal,Portuguese,No,Full-Time
65647cc212293dce092ecf5d,5feca7cccbe069e3cf2ad284,APPROVED,2023-11-27T11:25:54.650000Z,2023-11-27T11:30:06.725000Z,2023-11-27T12:50:00.389000Z,2023-11-27T11:30:07.377645Z,253.0,CBCT4R5Q,632,"Italian, German, English",Mixed,25,Male,White,United Kingdom,Italy,Germany,English,No,Due to start a new job within the next month
65647cc99d12ef876ff6ad94,610d44b697564a4e5804f0ae,APPROVED,2023-11-27T11:26:07.558000Z,2023-11-27T11:39:04.497000Z,2023-11-27T12:50:01.891000Z,2023-11-27T11:39:05.033500Z,777.0,CBCT4R5Q,142,"English, Polish",White/Caucasian,23,Male,White,Poland,Poland,Poland,Polish,Yes,Part-Time
65647cd08c74a12d37f6ac4f,60dc54db60a4dca481ba3608,APPROVED,2023-11-27T11:34:46.932000Z,2023-11-27T11:50:05.950000Z,2023-11-27T12:50:09.359000Z,2023-11-27T11:50:06.408251Z,920.0,CBCT4R5Q,106,English,White/Caucasian,23,Male,White,South Africa,South Africa,South Africa,English,No,Part-Time
65647ced1ff483ef00b5a5f2,5d99be023fdbbd00181f6548,APPROVED,2023-11-27T11:26:39.682000Z,2023-11-27T11:34:13.168000Z,2023-11-27T12:50:04.348000Z,2023-11-27T11:34:14.035074Z,454.0,CBCT4R5Q,271,"Italian, English",White/Caucasian,24,Male,White,Italy,Italy,Italy,Italian,Yes,Other
65647bdcb9b592ccbfcf7e58,5f67738a1aadce071e716263,APPROVED,2023-11-27T11:22:04.568000Z,2023-11-27T11:28:45.491000Z,2023-11-27T12:49:26.143000Z,2023-11-27T11:28:46.046254Z,401.0,CBCT4R5Q,323,"Afrikaans, English",White/Caucasian,25,Female,White,South Africa,South Africa,South Africa,Afrikaans,No,Part-Time
65647beeef0ded92b5c3789e,60eb21bd3807b3a1810ea180,APPROVED,2023-11-27T11:22:32.441000Z,2023-11-27T11:31:10.645000Z,2023-11-27T12:49:28.972000Z,2023-11-27T11:31:11.101466Z,519.0,CBCT4R5Q,336,English,African,20,Female,Black,Cote d'Ivoire,South Africa,Cote d'Ivoire,French,Yes,Other
65647bf7b2586ddbfa42c026,5ffb5e843ab4fe1b155eb02d,APPROVED,2023-11-27T11:22:31.203000Z,2023-11-27T11:27:57.707000Z,2023-11-27T12:49:27.401000Z,2023-11-27T11:27:58.225341Z,327.0,CBCT4R5Q,118,"Estonian, English",White/Caucasian,20,Female,White,Estonia,Estonia,Estonia,Estonian,No,Unemployed (and job seeking)
65647c01b97ec813ea36577c,613d20af66c5431995b4cbdc,APPROVED,2023-11-27T11:32:10.688000Z,2023-11-27T12:04:47.816000Z,2023-11-27T12:50:07.136000Z,2023-11-27T12:04:48.838966Z,1958.0,CBCT4R5Q,311,English,African,23,Female,Black,South Africa,South Africa,South Africa,English,No,Unemployed (and job seeking)
65647c35ee4de95fc9e78522,60cd99f1d0df72833ad4346a,APPROVED,2023-11-27T11:23:44.634000Z,2023-11-27T11:37:39.058000Z,2023-11-27T12:49:38.958000Z,2023-11-27T11:37:39.572595Z,835.0,CBCT4R5Q,107,English,African,21,Female,Black,South Africa,South Africa,South Africa,English,Yes,Part-Time
65647c36884cd3527c7f02f7,6151f2b1eb8fa757d78c04bd,APPROVED,2023-11-27T11:23:40.506000Z,2023-11-27T11:47:23.615000Z,2023-11-27T12:49:35.405000Z,2023-11-27T11:47:24.122676Z,1424.0,CBCT4R5Q,128,English,African,25,Female,Black,South Africa,South Africa,South Africa,English,No,Part-Time
65647c38896a5cb785b59610,60fdd62d9d528625b8d667dc,APPROVED,2023-11-27T11:23:36.091000Z,2023-11-27T11:38:33.805000Z,2023-11-27T12:49:33.481000Z,2023-11-27T11:38:34.297256Z,898.0,CBCT4R5Q,265,English,African,25,Female,Black,South Africa,South Africa,South Africa,English,No,Full-Time
65647c7a15e7e38e14b5a562,60fc06a551733182cbfee788,APPROVED,2023-11-27T11:24:42.685000Z,2023-11-27T11:41:12.281000Z,2023-11-27T12:49:42.685000Z,2023-11-27T11:41:12.782436Z,990.0,CBCT4R5Q,279,English,African,22,Female,Black,South Africa,South Africa,South Africa,English,Yes,Part-Time
65647c8488a178176cad6e5b,60fd125837662fc5b446b2b8,APPROVED,2023-11-27T11:24:56.719000Z,2023-11-27T12:00:16.467000Z,2023-11-27T12:49:47.341000Z,2023-11-27T12:00:16.977106Z,2120.0,CBCT4R5Q,270,"Afrikaans, English",African,23,Female,Mixed,South Africa,South Africa,South Africa,English,No,Full-Time
65647c87c581729b0742c24c,6124c375109ed10432fa2114,APPROVED,2023-11-27T11:25:05.160000Z,2023-11-27T11:33:59.092000Z,2023-11-27T12:49:52.004000Z,2023-11-27T11:33:59.573201Z,534.0,CBCT4R5Q,148,English,White/Caucasian,20,Female,White,South Africa,South Africa,South Africa,English,Yes,Unemployed (and job seeking)
65647c918aa2cfd55cc37a2e,6095b18d2259069adefeb80a,APPROVED,2023-11-27T11:25:25.688000Z,2023-11-27T11:40:02.265000Z,2023-11-27T12:49:57.602000Z,2023-11-27T11:40:02.925561Z,877.0,CBCT4R5Q,216,English,African,21,Female,Black,South Africa,South Africa,South Africa,English,Yes,Unemployed (and job seeking)
65647c972b4bce2a686afa47,61556c67865118967c47b94f,APPROVED,2023-11-27T11:25:16.568000Z,2023-11-27T11:31:03.285000Z,2023-11-27T12:49:56.165000Z,2023-11-27T11:31:03.786535Z,347.0,CBCT4R5Q,194,"Estonian, English",White/Caucasian,22,Female,White,Estonia,Estonia,Estonia,Estonian,Yes,Part-Time
65647c9b09f1b5df11f40c0d,6171946a19f6673fb215c0c7,APPROVED,2023-11-27T11:27:28.670000Z,2023-11-27T11:38:50.260000Z,2023-11-27T12:50:05.586000Z,2023-11-27T11:38:50.993652Z,682.0,CBCT4R5Q,268,English,Black/African American,23,Female,Black,South Africa,South Africa,South Africa,English,Yes,Unemployed (and job seeking)
65647cafb97ec813ea3657ab,5bb8c2a6469a5f0001be66c5,APPROVED,2023-11-27T11:25:39.106000Z,2023-11-27T11:30:36.442000Z,2023-11-27T12:49:58.880000Z,2023-11-27T11:30:36.951754Z,298.0,CBCT4R5Q,266,"Malay, Tamil, English",South Asian,24,Female,Asian,Malaysia,United Kingdom,Malaysia,Malay,Yes,Unemployed (and job seeking)
655b8c36eff61f37a30a6d55,5c5f2c15c138f60001e39361,APPROVED,2023-11-20T16:41:32.618000Z,2023-11-20T16:45:53.470000Z,2023-11-20T17:22:22.497000Z,2023-11-20T16:45:54.019180Z,261.0,CBCT4R5Q,853,"French, English",White/Caucasian,67,Male,White,United States,Czech Republic,United States,English,No,Full-Time
655b8eb2893ed219941a05b2,5e29c3e65570910297dbf70d,APPROVED,2023-11-20T16:52:10.768000Z,2023-11-20T17:00:38.083000Z,2023-11-20T17:22:46.492000Z,2023-11-20T17:00:38.527609Z,508.0,CBCT4R5Q,1247,English,White/Caucasian,66,Male,White,United Kingdom,United Kingdom,United Kingdom,English,No,"Not in paid work (e.g. homemaker', 'retired or disabled)"
655b8f75618f94a70b29151e,594547c8833f6d0001622e60,APPROVED,2023-11-20T16:55:23.692000Z,2023-11-20T17:01:55.405000Z,2023-11-20T17:22:54.533000Z,2023-11-20T17:01:56.087807Z,392.0,CBCT4R5Q,472,"English, Dutch, German",White/Caucasian,68,Male,White,Netherlands,Netherlands,Netherlands,Dutch,No,DATA_EXPIRED
655b901983713bcdd50c83fc,633721d4844d7c4f709430c4,APPROVED,2023-11-20T16:58:09.132000Z,2023-11-20T17:12:09.349000Z,2023-11-20T17:22:55.735000Z,2023-11-20T17:12:10.019066Z,841.0,CBCT4R5Q,357,English,White/Caucasian,68,Male,White,United Kingdom,United Kingdom,United Kingdom,English,No,"Not in paid work (e.g. homemaker', 'retired or disabled)"
655b90555a0986a2147b618d,5eaaf5a813401e06eb256e9c,APPROVED,2023-11-20T16:59:13.752000Z,2023-11-20T17:08:03.423000Z,2023-11-20T17:22:59.130000Z,2023-11-20T17:08:04.058590Z,530.0,CBCT4R5Q,1602,English,Mixed,79,Male,White,United Kingdom,United Kingdom,United Kingdom,English,No,"Not in paid work (e.g. homemaker', 'retired or disabled)"
655b90d181d5ca29d9f0ab71,615572313c3a6169680520dc,APPROVED,2023-11-20T17:01:05.213000Z,2023-11-20T17:12:53.977000Z,2023-11-20T17:22:39.986000Z,2023-11-20T17:12:54.567938Z,709.0,CBCT4R5Q,539,"English, French, German",White/Caucasian,73,Male,White,Switzerland,Switzerland,Switzerland,German,No,"Not in paid work (e.g. homemaker', 'retired or disabled)"
655b9127f638ab571cd8c183,613f60f913bf05a31be74997,APPROVED,2023-11-20T17:02:38.255000Z,2023-11-20T17:12:01.763000Z,2023-11-20T17:22:38.752000Z,2023-11-20T17:12:02.255999Z,564.0,CBCT4R5Q,503,English,White/Caucasian,70,Male,White,United Kingdom,United Kingdom,United Kingdom,English,No,DATA_EXPIRED
655b913c23cc486f98f85d87,5c7ed92f9c3fc00016f4e7dd,APPROVED,2023-11-20T17:03:03.032000Z,2023-11-20T17:11:20.287000Z,2023-11-20T17:22:37.443000Z,2023-11-20T17:11:20.886146Z,498.0,CBCT4R5Q,1324,English,White/Caucasian,68,Male,White,United Kingdom,United Kingdom,United Kingdom,English,No,DATA_EXPIRED
655b918176776bf3876e0660,5f2c0748afb1630355a8d542,APPROVED,2023-11-20T17:04:01.640000Z,2023-11-20T17:15:57.987000Z,2023-11-20T17:23:00.928000Z,2023-11-20T17:15:58.649036Z,717.0,CBCT4R5Q,1002,English,White/Caucasian,75,Male,White,United Kingdom,United Kingdom,United Kingdom,English,DATA_EXPIRED,DATA_EXPIRED
655b91efa41c20d7b50eeec5,5e93138a7d69590115fa1e21,APPROVED,2023-11-20T17:06:01.397000Z,2023-11-20T17:16:09.534000Z,2023-11-20T17:22:35.667000Z,2023-11-20T17:16:10.272151Z,609.0,CBCT4R5Q,2006,English,White/Caucasian,67,Male,White,Germany,United Kingdom,United Kingdom,English,No,"Not in paid work (e.g. homemaker', 'retired or disabled)"
655b8cfa285dc64dc92a57cb,5d15be7f9cff5400177a2785,APPROVED,2023-11-20T16:44:42.380000Z,2023-11-20T16:55:56.215000Z,2023-11-20T17:22:23.760000Z,2023-11-20T16:55:56.749240Z,674.0,CBCT4R5Q,479,"Spanish, English",Latino/Hispanic,73,Female,White,Cuba,Spain,Cuba,Spanish,No,"Not in paid work (e.g. homemaker', 'retired or disabled)"
655b8da1b3c34815b8ae2b28,64aabd176627cb7c1ac48502,APPROVED,2023-11-20T16:48:38.306000Z,2023-11-20T16:57:12.243000Z,2023-11-20T17:22:28.738000Z,2023-11-20T16:57:12.900190Z,514.0,CBCT4R5Q,124,"Dutch, English, French",White/Caucasian,65,Female,White,Netherlands,France,Netherlands,Dutch,No,Other
655b8e432f0d295cd3d9aec4,56379999dc62e5000dcb48c1,APPROVED,2023-11-20T16:50:16.266000Z,2023-11-20T16:55:04.754000Z,2023-11-20T17:22:30.198000Z,2023-11-20T16:55:05.452112Z,289.0,CBCT4R5Q,1752,English,White/Caucasian,65,Female,White,United Kingdom,United Kingdom,United Kingdom,English,No,"Not in paid work (e.g. homemaker', 'retired or disabled)"
655b8e6da5c103cb11adace9,5cb7be4c30e566001a8b04b5,APPROVED,2023-11-20T16:51:01.596000Z,2023-11-20T17:01:09.587000Z,2023-11-20T17:22:33.719000Z,2023-11-20T17:01:10.251319Z,608.0,CBCT4R5Q,1048,English,White/Caucasian,67,Female,White,United Kingdom,United Kingdom,United Kingdom,English,No,"Not in paid work (e.g. homemaker', 'retired or disabled)"
655b8e92d6e1c67c7f6398e7,5c7aa52f5d8dc30016694dc0,APPROVED,2023-11-20T16:51:39.248000Z,2023-11-20T17:00:11.824000Z,2023-11-20T17:22:42.841000Z,2023-11-20T17:00:12.273148Z,513.0,CBCT4R5Q,465,English,White/Caucasian,78,Female,White,United Kingdom,United Kingdom,United Kingdom,English,No,"Not in paid work (e.g. homemaker', 'retired or disabled)"
655b8ecd29ef5db46b4cd53e,61577ade2c21809207c56385,APPROVED,2023-11-20T16:52:35.439000Z,2023-11-20T17:06:07.179000Z,2023-11-20T17:22:48.055000Z,2023-11-20T17:06:07.702763Z,812.0,CBCT4R5Q,797,"English, Welsh",White/Caucasian,71,Female,White,United Kingdom,United Kingdom,United Kingdom,English,No,Part-Time
655b8ef5add9311547efa28a,6037d104e198ad0af33a9439,APPROVED,2023-11-20T16:53:28.258000Z,2023-11-20T17:12:27.057000Z,2023-11-20T17:22:49.690000Z,2023-11-20T17:12:27.997055Z,1139.0,CBCT4R5Q,720,English,White/Caucasian,72,Female,White,United Kingdom,United Kingdom,United Kingdom,English,No,DATA_EXPIRED
655b8f3d407e0d71fc4a1efb,6050acf587bc4d19589f8002,APPROVED,2023-11-20T16:54:31.302000Z,2023-11-20T17:03:30.342000Z,2023-11-20T17:22:52.994000Z,2023-11-20T17:03:30.876910Z,540.0,CBCT4R5Q,703,"English, Hungarian",White/Caucasian,80,Female,White,Hungary,United Kingdom,Hungary,Hungarian,DATA_EXPIRED,DATA_EXPIRED
655b8f3e4ca5764db30945bf,5a6879cdc0d8360001081410,APPROVED,2023-11-20T16:54:25.724000Z,2023-11-20T17:02:41.705000Z,2023-11-20T17:22:51.344000Z,2023-11-20T17:02:42.365525Z,496.0,CBCT4R5Q,1135,English,White/Caucasian,77,Female,White,United Kingdom,United Kingdom,United Kingdom,English,No,"Not in paid work (e.g. homemaker', 'retired or disabled)"
655b8f6b371abd9a5c01d04f,615d962f2b87fa3270637665,APPROVED,2023-11-20T16:55:26.154000Z,2023-11-20T17:02:52.806000Z,2023-11-20T17:22:57.602000Z,2023-11-20T17:02:53.330182Z,447.0,CBCT4R5Q,519,English,White/Caucasian,68,Female,White,United Kingdom,United Kingdom,United Kingdom,English,No,DATA_EXPIRED
655b6a0a430769b37f9de171,5e593a85f02790000cd60d73,APPROVED,2023-11-20T14:15:46.859000Z,2023-11-20T14:20:53.743000Z,2023-11-20T15:18:00.192000Z,2023-11-20T14:20:54.324232Z,307.0,CBCT4R5Q,147,"English, Greek",White/Caucasian,23,Female,White,Greece,Greece,Greece,Greek,Yes,DATA_EXPIRED
6564bd9a672f6cb28c1a40d8,62e2dbce6972374fdd427048,APPROVED,2023-11-27T16:02:39.046000Z,2023-11-27T16:09:59.959000Z,2023-11-27T19:05:23.430000Z,2023-11-27T16:10:00.437645Z,441.0,CBCT4R5Q,429,English,White/Caucasian,50,Male,White,United Kingdom,United Kingdom,United Kingdom,English,No,DATA_EXPIRED
6564be92c3224c4a8984d342,60be051ce99dbc114498f50e,APPROVED,2023-11-27T16:06:47.594000Z,2023-11-27T17:11:05.562000Z,2023-11-27T19:05:30.094000Z,2023-11-27T17:11:06.080487Z,3858.0,CBCT4R5Q,275,"Afrikaans, Dutch, English",White/Caucasian,56,Male,White,South Africa,South Africa,South Africa,Afrikaans,No,Full-Time
6564beaf667af361e7331e3f,5bc9e85c77740000016a04bd,APPROVED,2023-11-27T16:07:30.472000Z,2023-11-27T16:14:08.282000Z,2023-11-27T19:05:37.272000Z,2023-11-27T16:14:08.975539Z,398.0,CBCT4R5Q,244,"Polish, English",White/Caucasian,58,Male,White,Poland,Poland,Poland,Polish,No,Full-Time
6564beba88a9e7e1b961d5b2,5ea07689d82b9a031c60a2e8,APPROVED,2023-11-27T16:07:22.939000Z,2023-11-27T16:25:23.675000Z,2023-11-27T19:05:35.742000Z,2023-11-27T16:25:24.243813Z,1081.0,CBCT4R5Q,235,"English, Polish",Mixed,47,Male,White,Poland,Poland,Poland,English,DATA_EXPIRED,Unemployed (and job seeking)
6564bf00de4976d2bd35b110,61376ba6f5c778bbb8db6b1a,APPROVED,2023-11-27T16:08:32.348000Z,2023-11-27T16:21:42.462000Z,2023-11-27T19:05:42.369000Z,2023-11-27T16:21:42.921190Z,791.0,CBCT4R5Q,150,"Portuguese, English",White/Caucasian,52,Male,White,Portugal,Portugal,Portugal,Portuguese,DATA_EXPIRED,DATA_EXPIRED
6564bf08cfebaa3b17ae7741,606dd5bde7bc8c04efce0fba,APPROVED,2023-11-27T16:08:40.135000Z,2023-11-27T16:21:53.916000Z,2023-11-27T19:05:46.996000Z,2023-11-27T16:21:54.413325Z,794.0,CBCT4R5Q,510,"English, Spanish",Latino/Hispanic,54,Male,White,Spain,Spain,Spain,Spanish,No,Part-Time
6564bf20a33bdd88834ed55f,59ee4bd02f63d30001c901c3,APPROVED,2023-11-27T16:09:06.852000Z,2023-11-27T16:16:35.663000Z,2023-11-27T19:05:49.108000Z,2023-11-27T16:16:36.257025Z,449.0,CBCT4R5Q,651,"English, German, French",White/Caucasian,59,Male,White,France,France,France,French,DATA_EXPIRED,DATA_EXPIRED
6564bf2b437e42e11bf8d439,5c939130d4700f00159b4bd4,APPROVED,2023-11-27T16:09:15.921000Z,2023-11-27T16:15:00.532000Z,2023-11-27T19:05:52.047000Z,2023-11-27T16:15:01.049159Z,345.0,CBCT4R5Q,102,English,White/Caucasian,47,Male,White,Canada,Portugal,Canada,English,No,Full-Time
6564bf354bc6ffcf381ae3ce,5ef1286671de8a10d3cbd17e,APPROVED,2023-11-27T16:09:39.768000Z,2023-11-27T16:20:35.662000Z,2023-11-27T19:05:58.131000Z,2023-11-27T16:20:36.248386Z,656.0,CBCT4R5Q,639,"Portuguese, English",White/Caucasian,46,Male,White,Portugal,Portugal,Portugal,Portuguese,No,Full-Time
6564bf3f6010b0e522caa047,60ec6b88a2cf8c3ce87d245d,APPROVED,2023-11-27T16:10:07.763000Z,2023-11-27T16:18:45.440000Z,2023-11-27T19:06:02.752000Z,2023-11-27T16:18:45.910654Z,518.0,CBCT4R5Q,120,"English, Italian, Spanish",White/Caucasian,58,Male,White,Italy,Spain,Italy,Italian,No,"Not in paid work (e.g. homemaker', 'retired or disabled)"
6564bfb790246c10fe90b750,609bfaeea5897bb6de3dc16f,APPROVED,2023-11-27T16:11:39.356000Z,2023-11-27T16:18:11.322000Z,2023-11-27T19:08:31.382000Z,2023-11-27T16:18:11.865173Z,392.0,CBCT4R5Q,181,English,White/Caucasian,49,Male,White,Ireland,Ireland,Ireland,English,No,"Not in paid work (e.g. homemaker', 'retired or disabled)"
6564bfc8d4ff42c7e3d04b3a,623487417d62ec06d0bda9c6,APPROVED,2023-11-27T16:11:59.625000Z,2023-11-27T16:19:43.535000Z,2023-11-27T19:08:33.186000Z,2023-11-27T16:19:44.047038Z,464.0,CBCT4R5Q,169,English,White/Caucasian,49,Male,White,United Kingdom,United Kingdom,United Kingdom,English,No,DATA_EXPIRED
6564bfc97aaf49576ca12410,5ac78faa68b65b00018d72a1,APPROVED,2023-11-27T16:12:04.291000Z,2023-11-27T16:17:22.766000Z,2023-11-27T19:08:34.765000Z,2023-11-27T16:17:23.209952Z,319.0,CBCT4R5Q,547,"French, English",White/Caucasian,47,Male,White,France,France,France,French,No,"Not in paid work (e.g. homemaker', 'retired or disabled)"
6564ceb191bd1573165fcd6f,637545d6428d85daeedc3df5,APPROVED,2023-11-27T17:15:33.468000Z,2023-11-27T17:23:19.864000Z,2023-11-27T19:08:43.885000Z,2023-11-27T17:23:21.160718Z,467.0,CBCT4R5Q,1119,English,White/Caucasian,50,Male,White,United Kingdom,United Kingdom,United Kingdom,English,No,Full-Time
6564bd948f794bf1617e282a,611d0c64d70a6d9fcd11440b,APPROVED,2023-11-27T16:03:00.122000Z,2023-11-27T16:15:33.386000Z,2023-11-27T19:05:25.536000Z,2023-11-27T16:15:33.921727Z,754.0,CBCT4R5Q,316,English,African,48,Female,Black,Zimbabwe,South Africa,Zimbabwe,English,No,Part-Time
6564be6bce81f2d248073055,6032a88a2b8e882a37cc2766,APPROVED,2023-11-27T16:06:18.621000Z,2023-11-27T16:12:22.712000Z,2023-11-27T19:05:27.432000Z,2023-11-27T16:12:23.134028Z,365.0,CBCT4R5Q,610,"English, Spanish",Latino/Hispanic,49,Female,Mixed,Mexico,Mexico,Mexico,Spanish,No,Full-Time
6564bea622f85fa15d75b8de,60e6fa95f0d5e55625421e9a,APPROVED,2023-11-27T16:07:02.422000Z,2023-11-27T16:20:36.112000Z,2023-11-27T19:05:33.116000Z,2023-11-27T16:20:36.852457Z,814.0,CBCT4R5Q,432,English,African,46,Female,Black,South Africa,South Africa,South Africa,English,Yes,Part-Time
6564bedd444e2e520776bc03,5b7850cef642ed0001517c4d,APPROVED,2023-11-27T16:09:21.609000Z,2023-11-27T16:21:08.855000Z,2023-11-27T19:05:54.004000Z,2023-11-27T16:21:09.428576Z,708.0,CBCT4R5Q,539,"English, Spanish",Latino/Hispanic,56,Female,White,Chile,Chile,Chile,Spanish,No,Unemployed (and job seeking)
6564beecd2f46c9332892d6b,57a26a48900cc80001d2facc,APPROVED,2023-11-27T16:08:12.128000Z,2023-11-27T16:29:17.793000Z,2023-11-27T19:05:38.437000Z,2023-11-27T16:29:18.512477Z,1266.0,CBCT4R5Q,874,"English, Portuguese, Spanish",White/Caucasian,47,Female,White,Portugal,Portugal,Portugal,Portuguese,No,Full-Time
6564bef6408151a39813287d,5fa001ec46bf970156046101,APPROVED,2023-11-27T16:08:22.115000Z,2023-11-27T16:15:54.724000Z,2023-11-27T19:05:40.134000Z,2023-11-27T16:15:55.173242Z,453.0,CBCT4R5Q,205,"English, Polish",White / Sephardic Jew,50,Female,White,Poland,Poland,Poland,Polish,DATA_EXPIRED,DATA_EXPIRED
6564bf2e96e6e31497771fc5,5d33579867a8ff0019dc01b1,APPROVED,2023-11-27T16:09:24.107000Z,2023-11-27T16:18:18.311000Z,2023-11-27T19:05:56.350000Z,2023-11-27T16:18:19.048317Z,535.0,CBCT4R5Q,110,"English, Spanish",White/Caucasian,59,Female,White,United Kingdom,Spain,Spain,English,DATA_EXPIRED,DATA_EXPIRED
6564bf58adda67901f6ca66b,61389b7bcd250f25cff69354,APPROVED,2023-11-27T16:10:05.603000Z,2023-11-27T16:22:31.968000Z,2023-11-27T19:06:00.721000Z,2023-11-27T16:22:32.517521Z,747.0,CBCT4R5Q,136,"Afrikaans, English",White/Caucasian,56,Female,White,South Africa,South Africa,South Africa,Afrikaans,Yes,Full-Time
6564bf5fadda67901f6ca66e,648ab6df753c56d19b3b85e3,APPROVED,2023-11-27T16:10:38.608000Z,2023-11-27T16:17:03.614000Z,2023-11-27T19:06:04.555000Z,2023-11-27T16:17:04.129825Z,386.0,CBCT4R5Q,119,"Afrikaans, English",White/Caucasian,61,Female,White,South Africa,South Africa,South Africa,English,No,Part-Time
6564bf8b1045c5c2bc44e8f2,5c73477642a5070001a2f940,APPROVED,2023-11-27T16:11:16.808000Z,2023-11-27T16:20:51.570000Z,2023-11-27T19:06:06.139000Z,2023-11-27T16:20:52.343031Z,575.0,CBCT4R5Q,629,"Spanish, English, French",Latino/Hispanic,47,Female,Mixed,Mexico,Mexico,Mexico,Spanish,No,Part-Time
6564bfb222daa3f9eb9bb41d,5b4f76276d90520001127200,APPROVED,2023-11-27T16:11:30.433000Z,2023-11-27T16:20:23.732000Z,2023-11-27T19:06:07.522000Z,2023-11-27T16:20:24.528090Z,534.0,CBCT4R5Q,780,"English, French",White/Caucasian,58,Female,White,Italy,Italy,Italy,Italian,No,Full-Time
6564bfe4622e86e14ebe3ece,62bde61e19926c35d347dd2f,APPROVED,2023-11-27T16:12:32.386000Z,2023-11-27T16:24:23.044000Z,2023-11-27T19:08:36.422000Z,2023-11-27T16:24:23.655730Z,711.0,CBCT4R5Q,1173,English,White/Caucasian,64,Female,White,United States,United States,United States,English,DATA_EXPIRED,Other
6564bfecfaaa3e760f36703b,5c85277a2421a3001142e5e3,APPROVED,2023-11-27T16:12:39.094000Z,2023-11-27T16:22:41.026000Z,2023-11-27T19:08:37.955000Z,2023-11-27T16:22:41.527088Z,602.0,CBCT4R5Q,933,English,White/Caucasian,51,Female,White,United Kingdom,United Kingdom,United Kingdom,English,Yes,DATA_EXPIRED
6564c00373b5eb44a798b816,5c34cece6288ec00016a5363,APPROVED,2023-11-27T16:12:58.106000Z,2023-11-27T16:24:05.659000Z,2023-11-27T19:08:40.227000Z,2023-11-27T16:24:06.112272Z,668.0,CBCT4R5Q,1221,English,White/Caucasian,64,Female,White,United Kingdom,United Kingdom,United Kingdom,English,No,"Not in paid work (e.g. homemaker', 'retired or disabled)"
6564c0f027618aa5f3b87f89,5cf8012a542f5400196a1493,APPROVED,2023-11-27T16:18:21.488000Z,2023-11-27T16:27:12.931000Z,2023-11-27T19:08:41.981000Z,2023-11-27T16:27:13.440902Z,532.0,CBCT4R5Q,646,"Portuguese, English",White/Caucasian,60,Female,White,Portugal,Portugal,Portugal,Portuguese,No,Unemployed (and job seeking)
65650d2d3de01365c026ba4a,57fbd79de7e73400019ca256,APPROVED,2023-11-27T21:42:10.431000Z,2023-11-27T21:54:43.308000Z,2023-11-27T21:59:10.592000Z,2023-11-27T21:54:43.911432Z,753.0,CBCT4R5Q,885,"English, Spanish",Latino/Hispanic,31,Female,Other,Colombia,United Kingdom,Colombia,Spanish,No,Full-Time
656491ac5ff1fa172b62a86e,603e66c867d4bcef6f7af649,APPROVED,2023-11-27T12:55:08.856000Z,2023-11-27T13:27:26.679000Z,2023-11-27T13:55:26.631000Z,2023-11-27T13:27:27.756047Z,1938.0,CBCT4R5Q,267,"English, Portuguese",White/Caucasian,24,Female,White,Portugal,Portugal,Portugal,Portuguese,DATA_EXPIRED,DATA_EXPIRED
6564bbe291a670bca0366eab,5ecf78094e019f1f9aa28dd1,APPROVED,2023-11-27T15:55:14.304000Z,2023-11-27T16:06:47.343000Z,2023-11-27T16:26:02.340000Z,2023-11-27T16:06:48.096793Z,694.0,CBCT4R5Q,329,English,White/Caucasian,41,Male,White,South Africa,South Africa,South Africa,English,No,Other
6564bbe83fff62c11976bb73,5d1a2eb176fb7d0018e8e8d6,APPROVED,2023-11-27T15:56:06.326000Z,2023-11-27T16:03:25.245000Z,2023-11-27T16:26:04.219000Z,2023-11-27T16:03:25.900136Z,439.0,CBCT4R5Q,108,"English, Polish",White/Caucasian,29,Male,White,Poland,Poland,Poland,DATA_EXPIRED,No,Unemployed (and job seeking)
655b6b20ae29cb5ac29554c3,608366b0849bd619b8403de8,APPROVED,2023-11-20T14:20:16.929000Z,2023-11-20T14:29:24.846000Z,2023-11-20T15:16:51.619000Z,2023-11-20T14:29:25.271030Z,548.0,CBCT4R5Q,115,English,African,27,Male,Black,South Africa,South Africa,South Africa,English,DATA_EXPIRED,DATA_EXPIRED
655b6b2702187c676f7f7271,5eb319c3099ed01004be6c95,APPROVED,2023-11-20T14:20:26.825000Z,2023-11-20T14:33:20.191000Z,2023-11-20T15:17:07.593000Z,2023-11-20T14:33:20.895109Z,774.0,CBCT4R5Q,266,"English, Polish",White/Caucasian,27,Male,White,Poland,Poland,Poland,Polish,No,Unemployed (and job seeking)
655b6b284182f04caf94e4b6,5fbc5a1bf9c7511200dd188d,APPROVED,2023-11-20T14:20:24.788000Z,2023-11-20T14:31:49.726000Z,2023-11-20T15:16:53.085000Z,2023-11-20T14:31:50.221930Z,685.0,CBCT4R5Q,345,"Portuguese, English",White/Caucasian,27,Male,White,Portugal,Portugal,Portugal,Portuguese,DATA_EXPIRED,DATA_EXPIRED
655b6b340deb4715fb48a743,5d779a30f80b9e00165b3772,APPROVED,2023-11-20T14:20:36.500000Z,2023-11-20T14:29:41.345000Z,2023-11-20T15:17:11.372000Z,2023-11-20T14:29:41.937400Z,545.0,CBCT4R5Q,395,"Portuguese, English",Latino/Hispanic,40,Male,White,Portugal,Portugal,Portugal,Portuguese,Yes,Full-Time
655b6b4e35cd298521465433,5eaabaabde4724000969d4d1,APPROVED,2023-11-20T14:23:13.673000Z,2023-11-20T14:33:48.235000Z,2023-11-20T15:17:30.602000Z,2023-11-20T14:33:48.950749Z,635.0,CBCT4R5Q,216,"English, Greek",White/Caucasian,26,Male,White,Greece,Greece,Greece,Greek,No,Unemployed (and job seeking)
655b6b4ee77ecc6ffc041d95,6057b97e8b10769df6e4635d,APPROVED,2023-11-20T14:23:15.101000Z,2023-11-20T14:37:13.323000Z,2023-11-20T15:17:31.981000Z,2023-11-20T14:37:13.790240Z,839.0,CBCT4R5Q,188,"English, Polish",White/Caucasian,28,Male,White,Poland,Poland,Poland,Polish,No,Full-Time
655b6b5e9bfc44a1994b82af,5e5efa5dec939d23c77a4dbc,APPROVED,2023-11-20T14:21:18.393000Z,2023-11-20T14:34:48.674000Z,2023-11-20T15:17:12.882000Z,2023-11-20T14:34:49.262438Z,811.0,CBCT4R5Q,479,"Italian, English",White/Caucasian,30,Male,White,Italy,Italy,Italy,Italian,Yes,Unemployed (and job seeking)
655b6b609f4be8edd9a10572,5f22f26341e9e8025879eda6,APPROVED,2023-11-20T14:21:20.280000Z,2023-11-20T14:38:25.774000Z,2023-11-20T15:17:16.410000Z,2023-11-20T14:38:26.496310Z,1026.0,CBCT4R5Q,484,English,White/Caucasian,38,Male,White,Greece,Greece,Greece,Greek,No,DATA_EXPIRED
655b6b69ef0b85da6779477e,5f904351a0209d0b4484a3a4,APPROVED,2023-11-20T14:21:32.359000Z,2023-11-20T14:32:57.750000Z,2023-11-20T15:17:19.602000Z,2023-11-20T14:32:58.251045Z,686.0,CBCT4R5Q,366,"Polish, English",White/Caucasian,34,Male,White,Poland,Poland,Poland,Polish,No,Unemployed (and job seeking)
655b6b939ce7bfa464e02025,5abd0b935cd105000161ea7b,APPROVED,2023-11-20T14:22:26.859000Z,2023-11-20T14:32:23.638000Z,2023-11-20T15:17:28.875000Z,2023-11-20T14:32:24.113627Z,597.0,CBCT4R5Q,603,"Italian, English",White/Caucasian,41,Male,White,Italy,Italy,Italy,Italian,DATA_EXPIRED,DATA_EXPIRED
655b6b291eb3825f475da9fc,613089fe17e00d89f1b6bf59,APPROVED,2023-11-20T14:20:25.127000Z,2023-11-20T14:28:33.045000Z,2023-11-20T15:16:54.344000Z,2023-11-20T14:28:33.587246Z,488.0,CBCT4R5Q,147,English,African,36,Female,Black,Zimbabwe,South Africa,Zimbabwe,English,No,Part-Time
655b6b2c72706039df9de212,5ef67f9650e5f6017d1059ea,APPROVED,2023-11-20T14:20:28.901000Z,2023-11-20T14:32:56.223000Z,2023-11-20T15:17:09.772000Z,2023-11-20T14:32:56.667111Z,748.0,CBCT4R5Q,186,"English, Polish, Russian",White/Caucasian,30,Female,White,Poland,Poland,Poland,Polish,DATA_EXPIRED,DATA_EXPIRED
655b6b5a0ae5a01e3fa10634,60e855098de3cf2f568ddfc5,APPROVED,2023-11-20T14:21:21.623000Z,2023-11-20T14:41:03.911000Z,2023-11-20T15:17:17.859000Z,2023-11-20T14:41:04.785014Z,1183.0,CBCT4R5Q,251,English,African,30,Female,Black,South Africa,South Africa,South Africa,English,Yes,Unemployed (and job seeking)
655b6b6ef6d64d6d3eca5f8d,61312359198de5c453d3cfb9,APPROVED,2023-11-20T14:21:41.142000Z,2023-11-20T14:32:49.955000Z,2023-11-20T15:17:22.227000Z,2023-11-20T14:32:50.618130Z,669.0,CBCT4R5Q,145,"Afrikaans, English",White/Caucasian,26,Female,White,South Africa,South Africa,South Africa,Afrikaans,No,DATA_EXPIRED
655b6b8157eaab5e49239fd6,614c1ffbfb747b8240060d1c,APPROVED,2023-11-20T14:22:01.753000Z,2023-11-20T14:31:07.445000Z,2023-11-20T15:17:23.653000Z,2023-11-20T14:31:07.966153Z,546.0,CBCT4R5Q,207,English,African,29,Female,Black,South Africa,South Africa,South Africa,English,Yes,Part-Time
655b6b902752d107cb8dfa92,60e88e2e4236b6f23a6d702d,APPROVED,2023-11-20T14:22:08.934000Z,2023-11-20T14:36:57.059000Z,2023-11-20T15:17:24.973000Z,2023-11-20T14:36:57.710779Z,889.0,CBCT4R5Q,263,English,African,33,Female,Black,Zimbabwe,South Africa,Zimbabwe,English,DATA_EXPIRED,DATA_EXPIRED
655b6b9196b53404eb4a734a,615b02a30793b73a5c5560ab,APPROVED,2023-11-20T14:22:15.510000Z,2023-11-20T14:33:21.610000Z,2023-11-20T15:17:26.364000Z,2023-11-20T14:33:22.223608Z,667.0,CBCT4R5Q,104,English,African,28,Female,Black,South Africa,South Africa,South Africa,English,Yes,Unemployed (and job seeking)
655b6b9b0b55852f9cc67720,615f303d42ae872aad5de8e6,APPROVED,2023-11-20T14:22:26.328000Z,2023-11-20T14:28:30.074000Z,2023-11-20T15:17:27.619000Z,2023-11-20T14:28:30.609685Z,364.0,CBCT4R5Q,135,"Afrikaans, English",African,27,Female,Other,South Africa,South Africa,South Africa,English,DATA_EXPIRED,DATA_EXPIRED
655b6bbed5347bfc14711f69,6111137967525c171b23e66c,APPROVED,2023-11-20T14:23:27.320000Z,2023-11-20T14:29:12.186000Z,2023-11-20T15:17:35.215000Z,2023-11-20T14:29:12.735541Z,345.0,CBCT4R5Q,145,English,African,32,Female,Black,South Africa,South Africa,South Africa,English,Yes,Full-Time
655b6bd753261bdcf5feb433,5f56104edb04a89ea3f12ec6,APPROVED,2023-11-20T14:23:19.745000Z,2023-11-20T14:34:14.093000Z,2023-11-20T15:17:34.048000Z,2023-11-20T14:34:14.680434Z,655.0,CBCT4R5Q,119,"English, French, Spanish",Latino/Hispanic,42,Female,Mixed,Colombia,Belgium,Colombia,Spanish,No,Unemployed (and job seeking)
655b6c5f0c6fd5e0e156e54f,62d5a4f33f275c171481c857,APPROVED,2023-11-20T14:25:39.582000Z,2023-11-20T14:32:45.773000Z,2023-11-20T15:17:36.414000Z,2023-11-20T14:32:46.363290Z,427.0,CBCT4R5Q,130,English,White/Caucasian,31,Female,White,United Kingdom,United Kingdom,United Kingdom,English,DATA_EXPIRED,DATA_EXPIRED
655b97010bfba1d6e90aad5b,642def73d32acceb195a4475,APPROVED,2023-11-20T17:27:44.557000Z,2023-11-20T17:32:58.158000Z,2023-11-20T17:34:21.965000Z,2023-11-20T17:32:58.777388Z,314.0,CBCT4R5Q,134,English,White/Caucasian,65,Female,White,United Kingdom,United Kingdom,United Kingdom,English,DATA_EXPIRED,DATA_EXPIRED
